instance,family,n,alpha,lb_incumbent,bks,LR_100,LR_100_plus_LR_100,LR_200_cold,cutLR_cap_warm_100,cutLR_pair_warm_100,cutLR_triple_warm_100,best_cutLR_method,best_cutLR_gap,best_cutLR_delta_vs_LR_100,best_cutLR_delta_vs_LR_200_cold,best_cutLR_delta_vs_LR_100_plus_LR_100,cutLR_cap_warm_100_delta_vs_LR200,cutLR_cap_warm_100_delta_vs_LR100_continue,cutLR_pair_warm_100_delta_vs_LR200,cutLR_pair_warm_100_delta_vs_LR100_continue,cutLR_triple_warm_100_delta_vs_LR200,cutLR_triple_warm_100_delta_vs_LR100_continue
B_n100_001_a25_001,B,100,0.25,2142.0,2142.0,1.164632751470578,0.1099227608566177,0.1073929789071803,0.0849836230316121,0.0900679580179856,0.1091475701204737,cutLR_cap_warm_100,0.0849836230316121,1.079649128438966,0.022409355875568207,0.024939137825005606,0.022409355875568207,0.024939137825005606,0.0173250208891947,0.0198548028386321,-0.0017545912132933966,0.0007751907361440019
B_n100_001_a50_002,B,100,0.5,3025.0,3025.0,0.0511055366733488,0.0419115397968667,0.0413934237414282,0.0343557719529512,0.0343557719529512,0.0413941767313425,cutLR_cap_warm_100,0.0343557719529512,0.016749764720397603,0.007037651788477005,0.007555767843915505,0.007037651788477005,0.007555767843915505,0.007037651788477005,0.007555767843915505,-7.52989914296065e-07,0.000517363065524204
B_n100_001_a75_003,B,100,0.75,3119.0,3119.0,6.639581046844054e-08,4.694438988064648e-10,4.694438988064648e-10,3.40980323666094e-10,3.40980323666094e-10,3.40980323666094e-10,cutLR_cap_warm_100,3.40980323666094e-10,6.605483014477444e-08,1.2846357514037078e-10,1.2846357514037078e-10,1.2846357514037078e-10,1.2846357514037078e-10,1.2846357514037078e-10,1.2846357514037078e-10,1.2846357514037078e-10,1.2846357514037078e-10
B_n130_016_a25_046,B,130,0.25,2744.0,2744.0,4.0667962283164085,2.81112557317482,2.7123855881946346,2.35118616172726,2.2600153027598977,2.4397775896647085,cutLR_pair_warm_100,2.2600153027598977,1.8067809255565108,0.4523702854347369,0.5511102704149224,0.3611994264673748,0.45993941144756034,0.4523702854347369,0.5511102704149224,0.2726079985299261,0.37134798351011167
B_n130_016_a50_047,B,130,0.5,4156.0,4157.0,1.017951622487831,0.6725489050621629,0.6725489050621629,0.6521738264448536,0.7142625082601257,0.6594161853501889,cutLR_cap_warm_100,0.6521738264448536,0.36577779604297755,0.02037507861730936,0.02037507861730936,0.02037507861730936,0.02037507861730936,-0.0417136031979628,-0.0417136031979628,0.01313271971197405,0.01313271971197405
B_n130_016_a75_048,B,130,0.75,4333.0,4216.0,0.0373430328406918,0.0290714233254495,0.0293983210407627,0.0272344669777673,0.0272344669777673,0.0272344669777673,cutLR_cap_warm_100,0.0272344669777673,0.010108565862924499,0.0021638540629954003,0.0018369563476821997,0.0021638540629954003,0.0018369563476821997,0.0021638540629954003,0.0018369563476821997,0.0021638540629954003,0.0018369563476821997
B_n150_030_a25_088,B,150,0.25,3550.0,,0.9301009747388594,0.3303149557990203,0.3221217432120732,0.3254082581304276,0.2831082711236674,0.2845792302557492,cutLR_pair_warm_100,0.2831082711236674,0.6469927036151921,0.03901347208840583,0.04720668467535294,-0.0032865149183544107,0.004906697668592697,0.03901347208840583,0.04720668467535294,0.03754251295632399,0.0457357255432711
B_n150_030_a50_089,B,150,0.5,4973.0,,0.7666514367375193,0.4421501193341615,0.4421501193341615,0.4345261479633024,0.4345261479633024,0.3493966661821063,cutLR_triple_warm_100,0.3493966661821063,0.41725477055541305,0.09275345315205519,0.09275345315205519,0.007623971370859073,0.007623971370859073,0.007623971370859073,0.007623971370859073,0.09275345315205519,0.09275345315205519
B_n150_030_a75_090,B,150,0.75,5281.0,,0.0313779316359848,0.0303654830105892,0.0227623068027422,0.0238812204545019,0.0238812204545019,0.0238812204545019,cutLR_cap_warm_100,0.0238812204545019,0.007496711181482898,-0.001118913651759701,0.006484262556087299,-0.001118913651759701,0.006484262556087299,-0.001118913651759701,0.006484262556087299,-0.001118913651759701,0.006484262556087299
C_n050_001_a25_001,C,50,0.25,735.0,735.0,0.4380508209316551,0.0087358186536709,0.0064865294577491,0.0024172598700506,0.0067246681962312,0.0067246681962312,cutLR_cap_warm_100,0.0024172598700506,0.4356335610616045,0.0040692695876985005,0.0063185587836203,0.0040692695876985005,0.0063185587836203,-0.00023813873848209984,0.0020111504574396996,-0.00023813873848209984,0.0020111504574396996
C_n050_001_a50_002,C,50,0.5,1236.0,1236.0,2.300541991924665,0.378765701033329,0.378765701033329,0.2683634554143265,0.3527801854986183,0.1189531383772434,cutLR_triple_warm_100,0.1189531383772434,2.1815888535474217,0.2598125626560856,0.2598125626560856,0.11040224561900253,0.11040224561900253,0.025985515534710735,0.025985515534710735,0.2598125626560856,0.2598125626560856
C_n050_001_a75_003,C,50,0.75,1445.0,1445.0,0.1006322799061479,0.0219484458231231,0.0219484458231231,0.018922368674138,0.018922368674138,0.018922368674138,cutLR_cap_warm_100,0.018922368674138,0.0817099112320099,0.0030260771489851006,0.0030260771489851006,0.0030260771489851006,0.0030260771489851006,0.0030260771489851006,0.0030260771489851006,0.0030260771489851006,0.0030260771489851006
C_n065_018_a25_052,C,65,0.25,1386.0,1386.0,2.013335846958054,0.3177927067071273,0.3177927067071273,0.2298075709559141,0.1882315943786985,0.2480940220105367,cutLR_pair_warm_100,0.1882315943786985,1.8251042525793555,0.1295611123284288,0.1295611123284288,0.0879851357512132,0.0879851357512132,0.1295611123284288,0.1295611123284288,0.06969868469659057,0.06969868469659057
C_n065_018_a50_053,C,65,0.5,1905.0,1905.0,2.392683808680664,1.2028263551541305,1.2028263551541305,1.0335499938094317,1.0335499938094317,0.4720417579401126,cutLR_triple_warm_100,0.4720417579401126,1.9206420507405515,0.7307845972140179,0.7307845972140179,0.1692763613446988,0.1692763613446988,0.1692763613446988,0.1692763613446988,0.7307845972140179,0.7307845972140179
C_n065_018_a75_054,C,65,0.75,2146.0,2146.0,9.322956406996434e-10,9.322956406996434e-10,9.322956406996434e-10,9.322956406996434e-10,9.322956406996434e-10,9.322956406996434e-10,cutLR_cap_warm_100,9.322956406996434e-10,0.0,0.0,0.0,0.0,0.0,0.0,0.0,0.0,0.0
C_n080_035_a25_103,C,80,0.25,1897.0,,0.4869364135254187,0.3027811592884436,0.3027811592884436,0.2644775894618549,0.300138106424253,0.255079073656578,cutLR_triple_warm_100,0.255079073656578,0.23185733986884072,0.04770208563186562,0.04770208563186562,0.038303569826588724,0.038303569826588724,0.0026430528641906426,0.0026430528641906426,0.04770208563186562,0.04770208563186562
C_n080_035_a50_104,C,80,0.5,2778.0,,1.653796843512915,1.0796497057831536,1.0671566775567842,1.00768177697466,1.00768177697466,0.6210264734711473,cutLR_triple_warm_100,0.6210264734711473,1.0327703700417676,0.44613020408563697,0.4586232323120063,0.059474900582124235,0.07196792880849356,0.059474900582124235,0.07196792880849356,0.44613020408563697,0.4586232323120063
C_n080_035_a75_105,C,80,0.75,2934.0,,0.0097115534259929,0.0018579333411722,0.0017594466149232,0.001814818093793,0.001814818093793,0.001814818093793,cutLR_cap_warm_100,0.001814818093793,0.0078967353321999,-5.5371478869799956e-05,4.311524737920006e-05,-5.5371478869799956e-05,4.311524737920006e-05,-5.5371478869799956e-05,4.311524737920006e-05,-5.5371478869799956e-05,4.311524737920006e-05
D_n040_001_a25_001,D,40,0.25,715.0,715.0,0.0023962304697966,1.0343001810272348e-06,8.028276620795163e-07,1.7953920701665769e-06,1.446581115225793e-06,1.446581115225793e-06,cutLR_pair_warm_100,1.446581115225793e-06,0.0023947838886813743,-6.437534531462767e-07,-4.122809341985582e-07,-9.925644080870607e-07,-7.610918891393421e-07,-6.437534531462767e-07,-4.122809341985582e-07,-6.437534531462767e-07,-4.122809341985582e-07
D_n040_001_a50_002,D,40,0.5,970.0,970.0,1.4626475782506227,0.0716981588179275,0.0716981588179275,0.0577523081573229,0.0643698624676449,0.0651702966679252,cutLR_cap_warm_100,0.0577523081573229,1.4048952700933,0.013945850660604601,0.013945850660604601,0.013945850660604601,0.013945850660604601,0.0073282963502826065,0.0073282963502826065,0.006527862150002298,0.006527862150002298
D_n040_001_a75_003,D,40,0.75,1203.0,1203.0,0.0,0.0,0.0,0.0,0.0,0.0,cutLR_cap_warm_100,0.0,0.0,0.0,0.0,0.0,0.0,0.0,0.0,0.0,0.0
D_n060_023_a25_067,D,60,0.25,1263.0,1263.0,2.761736182154069,1.3592262215286168,1.1990486779914058,0.8115055464498543,0.6815863544556469,0.7686628050638211,cutLR_pair_warm_100,0.6815863544556469,2.0801498276984223,0.5174623235357589,0.67763986707297,0.3875431315415515,0.5477206750787625,0.5174623235357589,0.67763986707297,0.4303858729275847,0.5905634164647957
D_n060_023_a50_068,D,60,0.5,1767.0,1767.0,2.5793044260992453,1.0915902825816992,1.0915902825816992,1.0325884082834529,1.0325884082834529,0.5438851231505687,cutLR_triple_warm_100,0.5438851231505687,2.0354193029486765,0.5477051594311305,0.5477051594311305,0.059001874298246326,0.059001874298246326,0.059001874298246326,0.059001874298246326,0.5477051594311305,0.5477051594311305
D_n060_023_a75_069,D,60,0.75,2015.0,2004.0,0.069322270624812,0.0533094906035348,0.0548626021593586,0.0547655045786757,0.0547655045786757,0.0547655045786757,cutLR_cap_warm_100,0.0547655045786757,0.014556766046136302,9.709758068290192e-05,-0.0014560139751408976,9.709758068290192e-05,-0.0014560139751408976,9.709758068290192e-05,-0.0014560139751408976,9.709758068290192e-05,-0.0014560139751408976
D_n080_045_a25_133,D,80,0.25,1910.0,,4.20386309098115,2.3623295009138263,2.3623295009138263,1.8468370060775496,1.845884703897524,1.8818279478964288,cutLR_pair_warm_100,1.845884703897524,2.3579783870836257,0.5164447970163024,0.5164447970163024,0.5154924948362767,0.5154924948362767,0.5164447970163024,0.5164447970163024,0.4805015530173975,0.4805015530173975
D_n080_045_a50_134,D,80,0.5,2749.0,,2.4595900933241004,1.9876662694563685,1.94407230914038,2.0974186592496338,2.0974186592496338,2.0278347808547528,cutLR_triple_warm_100,2.0278347808547528,0.4317553124693476,-0.08376247171437279,-0.04016851139838429,-0.1533463501092538,-0.10975238979326529,-0.1533463501092538,-0.10975238979326529,-0.08376247171437279,-0.04016851139838429
D_n080_045_a75_135,D,80,0.75,2952.0,,0.0338638672536403,0.0338638672536403,0.0338638672536403,0.0338638672536403,0.0338638672536403,0.0338638672536403,cutLR_cap_warm_100,0.0338638672536403,0.0,0.0,0.0,0.0,0.0,0.0,0.0,0.0,0.0
EB_n100_001_a25_001,EB,100,0.25,1609.0,1609.0,1.2557508098322334,0.1835265522512696,0.1803320090255085,0.1375156498786656,0.1547257158561031,0.1510774691947817,cutLR_cap_warm_100,0.1375156498786656,1.1182351599535678,0.0428163591468429,0.046010902372603996,0.0428163591468429,0.046010902372603996,0.02560629316940541,0.028800836395166507,0.02925453983072679,0.03244908305648789
EB_n100_001_a50_002,EB,100,0.5,2822.0,2822.0,1.731462929312508,1.4698913581259043,1.419065552236797,1.0603659360163622,1.223772649039545,1.232968101335979,cutLR_cap_warm_100,1.0603659360163622,0.6710969932961457,0.3586996162204348,0.4095254221095421,0.3586996162204348,0.4095254221095421,0.1952929031972519,0.24611870908635924,0.18609745090081797,0.23692325678992532
EB_n100_001_a75_003,EB,100,0.75,3115.0,3115.0,1.6180539919348914e-07,1.240387268537401e-09,1.240387268537401e-09,1.2404018671682481e-09,1.2404018671682481e-09,1.2404018671682481e-09,cutLR_cap_warm_100,1.2404018671682481e-09,1.605649973263209e-07,-1.4598630847032357e-14,-1.4598630847032357e-14,-1.4598630847032357e-14,-1.4598630847032357e-14,-1.4598630847032357e-14,-1.4598630847032357e-14,-1.4598630847032357e-14,-1.4598630847032357e-14
EB_n130_016_a25_046,EB,130,0.25,2237.0,2237.0,2.5786562163568902,1.4051169900332152,1.376222110761529,0.9980806145216076,1.1185878132415954,1.1648437756721537,cutLR_cap_warm_100,0.9980806145216076,1.5805756018352826,0.3781414962399213,0.40703637551160765,0.3781414962399213,0.40703637551160765,0.2576342975199335,0.2865291767916198,0.2113783350893752,0.24027321436106153
EB_n130_016_a50_047,EB,130,0.5,4095.0,4096.0,0.260703689087749,0.0420765366500708,0.0420765366500708,0.0362256390882561,0.0362256390882561,0.0428987602709066,cutLR_cap_warm_100,0.0362256390882561,0.2244780499994929,0.0058508975618147,0.0058508975618147,0.0058508975618147,0.0058508975618147,0.0058508975618147,0.0058508975618147,-0.0008222236208357964,-0.0008222236208357964
EB_n130_016_a75_048,EB,130,0.75,4329.0,4308.0,0.1170855850634446,0.0880248480596775,0.082188799699369,0.0878655341335043,0.0878655341335043,0.0878655341335043,cutLR_cap_warm_100,0.0878655341335043,0.029220050929940303,-0.0056767344341353,0.00015931392617320184,-0.0056767344341353,0.00015931392617320184,-0.0056767344341353,0.00015931392617320184,-0.0056767344341353,0.00015931392617320184
EB_n150_030_a25_088,EB,150,0.25,2970.0,,1.9265593433767785,0.4855929790504658,0.448581297955012,0.4002649476801418,0.478565401878232,0.4628921200102179,cutLR_cap_warm_100,0.4002649476801418,1.5262943956966366,0.04831635027487019,0.08532803137032396,0.04831635027487019,0.08532803137032396,-0.029984103923219985,0.00702757717223379,-0.014310822055205896,0.022700859040247878
EB_n150_030_a50_089,EB,150,0.5,4920.0,,0.8374428587157345,0.5004871831056449,0.5004871831056449,0.4694890148197048,0.4694890148197048,0.438175162105986,cutLR_triple_warm_100,0.438175162105986,0.39926769660974853,0.06231202099965888,0.06231202099965888,0.030998168285940098,0.030998168285940098,0.030998168285940098,0.030998168285940098,0.06231202099965888,0.06231202099965888
EB_n150_030_a75_090,EB,150,0.75,5278.0,,0.0760786555630128,0.0732242871236058,0.0677294155600884,0.068612054274986,0.068612054274986,0.068612054274986,cutLR_cap_warm_100,0.068612054274986,0.0074666012880268,-0.0008826387148976045,0.004612232848619807,-0.0008826387148976045,0.004612232848619807,-0.0008826387148976045,0.004612232848619807,-0.0008826387148976045,0.004612232848619807
EC_n050_001_a25_001,EC,50,0.25,421.0,421.0,0.1170815111067449,0.0002846634197296,0.0001691764814635,9.731363774027938e-09,4.873020224102936e-09,4.873020224102936e-09,cutLR_pair_warm_100,4.873020224102936e-09,0.11708150623372468,0.0001691716084432759,0.0002846585467093759,0.00016916675009972598,0.00028465368836582593,0.0001691716084432759,0.0002846585467093759,0.0001691716084432759,0.0002846585467093759
EC_n050_001_a50_002,EC,50,0.5,1103.0,1103.0,2.697376898194714,0.452762690327888,0.4098868070018833,0.3072770341052925,0.328327378897655,0.1599768022912369,cutLR_triple_warm_100,0.1599768022912369,2.537400095903477,0.2499100047106464,0.2927858880366511,0.10260977289659079,0.14548565622259552,0.08155942810422828,0.12443531143023301,0.2499100047106464,0.2927858880366511
EC_n050_001_a75_003,EC,50,0.75,1444.0,1444.0,0.0687298123065302,0.0081937987532943,0.0061639091171199,0.0063577469688619,0.0063577469688619,0.0063577469688619,cutLR_cap_warm_100,0.0063577469688619,0.06237206533766831,-0.0001938378517419995,0.001836051784432401,-0.0001938378517419995,0.001836051784432401,-0.0001938378517419995,0.001836051784432401,-0.0001938378517419995,0.001836051784432401
EC_n065_018_a25_052,EC,65,0.25,1183.0,1183.0,0.5797766135431135,0.2750037057360201,0.2591391859560065,0.258523311407114,0.2357077233337815,0.2710224209345853,cutLR_pair_warm_100,0.2357077233337815,0.34406889020933196,0.02343146262222498,0.03929598240223861,0.0006158745488925033,0.016480394328906134,0.02343146262222498,0.03929598240223861,-0.011883234978578794,0.003981284801434837
EC_n065_018_a50_053,EC,65,0.5,1883.0,1883.0,1.8676352179401203,0.6706669123038572,0.6147332407610017,0.6068206395693106,0.6068206395693106,0.3931488508815764,cutLR_triple_warm_100,0.3931488508815764,1.474486367058544,0.22158438987942525,0.2775180614222808,0.007912601191691016,0.06384627273454657,0.007912601191691016,0.06384627273454657,0.22158438987942525,0.2775180614222808
EC_n065_018_a75_054,EC,65,0.75,2146.0,2146.0,9.320201646716187e-10,9.320201646716187e-10,9.320201646716187e-10,9.320201646716187e-10,9.320201646716187e-10,9.320201646716187e-10,cutLR_cap_warm_100,9.320201646716187e-10,0.0,0.0,0.0,0.0,0.0,0.0,0.0,0.0,0.0
EC_n080_035_a25_103,EC,80,0.25,1585.0,,0.9652451612473724,0.5542193157670559,0.5542193157670559,0.4883511086424258,0.5603265738336125,0.4915454795869888,cutLR_cap_warm_100,0.4883511086424258,0.47689405260494655,0.06586820712463004,0.06586820712463004,0.06586820712463004,0.06586820712463004,-0.006107258066556653,-0.006107258066556653,0.06267383618006706,0.06267383618006706
EC_n080_035_a50_104,EC,80,0.5,2667.0,,2.379062763875759,1.0782655820795972,1.0495115766082257,1.00987314373699,1.00987314373699,0.6482594560183322,cutLR_triple_warm_100,0.6482594560183322,1.7308033078574265,0.40125212058989346,0.430006126061265,0.039638432871235585,0.06839243834260711,0.039638432871235585,0.06839243834260711,0.40125212058989346,0.430006126061265
EC_n080_035_a75_105,EC,80,0.75,2932.0,,0.0044526806117807,0.0004588748911969,0.0003923776190815,0.0004108425868321,0.0004108425868321,0.0004108425868321,cutLR_cap_warm_100,0.0004108425868321,0.0040418380249486,-1.8464967750600025e-05,4.8032304364799955e-05,-1.8464967750600025e-05,4.8032304364799955e-05,-1.8464967750600025e-05,4.8032304364799955e-05,-1.8464967750600025e-05,4.8032304364799955e-05
ED_n040_001_a25_001,ED,40,0.25,412.0,412.0,0.0,0.0,0.0,0.0,0.0,0.0,cutLR_cap_warm_100,0.0,0.0,0.0,0.0,0.0,0.0,0.0,0.0,0.0,0.0
ED_n040_001_a50_002,ED,40,0.5,948.0,948.0,1.1001533197964095,0.0554526766059261,0.0492947813270001,0.0304121746066199,0.0381926805420871,0.0369879656149712,cutLR_cap_warm_100,0.0304121746066199,1.0697411451897896,0.018882606720380203,0.0250405019993062,0.018882606720380203,0.0250405019993062,0.011102100784913006,0.017259996063839003,0.012306815712028907,0.018464710990954904
ED_n040_001_a75_003,ED,40,0.75,1201.0,1201.0,7.708948785191616e-07,2.6258535728120517e-09,2.6258535728120517e-09,2.142329536963321e-09,2.142329536963321e-09,2.220007654390705e-09,cutLR_cap_warm_100,2.142329536963321e-09,7.687525489821983e-07,4.835240358487306e-10,4.835240358487306e-10,4.835240358487306e-10,4.835240358487306e-10,4.835240358487306e-10,4.835240358487306e-10,4.058459184213467e-10,4.058459184213467e-10
ED_n060_023_a25_067,ED,60,0.25,1050.0,1050.0,0.0951474785917957,0.0951474785917957,0.0951474785917957,0.0951474785917957,0.0951474785917957,0.0951474785917957,cutLR_cap_warm_100,0.0951474785917957,0.0,0.0,0.0,0.0,0.0,0.0,0.0,0.0,0.0
ED_n060_023_a50_068,ED,60,0.5,1736.0,1736.0,0.9259833259112442,0.2253583996709559,0.2253583996709559,0.2127571593157609,0.2159549824051859,0.2150266116998545,cutLR_cap_warm_100,0.2127571593157609,0.7132261665954833,0.012601240355194998,0.012601240355194998,0.012601240355194998,0.012601240355194998,0.009403417265769987,0.009403417265769987,0.010331787971101403,0.010331787971101403
ED_n060_023_a75_069,ED,60,0.75,2002.0,2002.0,0.0206789224066355,1.409681859459178e-05,1.3327345810401954e-05,2.6400175742194348e-05,2.6400175742194348e-05,2.6400175742194348e-05,cutLR_cap_warm_100,2.6400175742194348e-05,0.020652522230893304,-1.3072829931792394e-05,-1.2303357147602568e-05,-1.3072829931792394e-05,-1.2303357147602568e-05,-1.3072829931792394e-05,-1.2303357147602568e-05,-1.3072829931792394e-05,-1.2303357147602568e-05
ED_n080_045_a25_133,ED,80,0.25,1681.0,,3.147395521904713,1.7392776112006096,1.7392776112006096,1.500178427511987,1.5103385475384263,1.500936357455683,cutLR_cap_warm_100,1.500178427511987,1.6472170943927262,0.2390991836886227,0.2390991836886227,0.2390991836886227,0.2390991836886227,0.2289390636621833,0.2289390636621833,0.23834125374492654,0.23834125374492654
ED_n080_045_a50_134,ED,80,0.5,2666.0,,1.389542142912453,0.7191419479224821,0.6887031590552367,0.645229093359611,0.645229093359611,0.614303532209248,cutLR_triple_warm_100,0.614303532209248,0.775238610703205,0.07439962684598866,0.10483841571323405,0.04347406569562573,0.07391285456287111,0.04347406569562573,0.07391285456287111,0.07439962684598866,0.10483841571323405
ED_n080_045_a75_135,ED,80,0.75,2933.0,,0.3577898127013282,0.3474002976797175,0.3519953874257078,0.3319692085697803,0.3319692085697803,0.3319692085697803,cutLR_cap_warm_100,0.3319692085697803,0.02582060413154791,0.0200261788559275,0.01543108910993718,0.0200261788559275,0.01543108910993718,0.0200261788559275,0.01543108910993718,0.0200261788559275,0.01543108910993718
