instance,family,n,alpha,lb_incumbent,bks,method,upper_bound,gap_pct,runtime_s,iterations,invalid_vs_lb,invalid_vs_bks,extra
B_n100_001_a25_001,B,100,0.25,2142.0,2142.0,LR_100,2167.2403914013594,1.1646327514705779,1.6683450999553315,100,False,False,hist_len=100
B_n100_001_a25_001,B,100,0.25,2142.0,2142.0,LR_200_cold,2144.3028306866654,0.10739297890718037,4.348411299986765,200,False,False,hist_len=200
B_n100_001_a25_001,B,100,0.25,2142.0,2142.0,LR_100_plus_LR_100,2144.3571365671405,0.10992276085661778,3.536017299978994,200,False,False,base_ub=2167.2403914013594;cont_ub=2144.3571365671405
B_n100_001_a25_001,B,100,0.25,2142.0,2142.0,cutLR_cap_warm_100,2143.8218975198574,0.08498362303161214,4.3530443999916315,200,False,False,base_ub=2167.2403914013594;cut_ub=2143.8218975198574;cap_cuts=52;incomp_cuts=0;pos_gamma=8;pos_nu=0
B_n100_001_a25_001,B,100,0.25,2142.0,2142.0,cutLR_pair_warm_100,2143.9309948683926,0.0900679580179856,4.991330699936952,200,False,False,base_ub=2167.2403914013594;cut_ub=2143.9309948683926;cap_cuts=52;incomp_cuts=149;pos_gamma=7;pos_nu=7
B_n100_001_a25_001,B,100,0.25,2142.0,2142.0,cutLR_triple_warm_100,2144.340495545998,0.10914757012047377,4.0594039999414235,200,False,False,base_ub=2167.2403914013594;cut_ub=2144.340495545998;cap_cuts=52;incomp_cuts=204;pos_gamma=7;pos_nu=12
B_n130_016_a25_046,B,130,0.25,2744.0,2744.0,LR_100,2860.3235294117644,4.0667962283164085,23.51076880004257,100,False,False,hist_len=100
B_n130_016_a25_046,B,130,0.25,2744.0,2744.0,LR_200_cold,2820.5029145693898,2.7123855881946346,39.486066600016784,200,False,False,hist_len=200
B_n130_016_a25_046,B,130,0.25,2744.0,2744.0,LR_100_plus_LR_100,2823.3684320173857,2.8111255731748197,45.397268300061114,200,False,False,base_ub=2860.3235294117644;cont_ub=2823.3684320173857
B_n130_016_a25_046,B,130,0.25,2744.0,2744.0,cutLR_cap_warm_100,2810.06997642045,2.3511861617272594,48.489179000025615,200,False,False,base_ub=2860.3235294117644;cut_ub=2810.06997642045;cap_cuts=55;incomp_cuts=0;pos_gamma=8;pos_nu=0
B_n130_016_a25_046,B,130,0.25,2744.0,2744.0,cutLR_pair_warm_100,2807.448771861208,2.2600153027598977,49.95857950003119,200,False,False,base_ub=2860.3235294117644;cut_ub=2807.448771861208;cap_cuts=55;incomp_cuts=198;pos_gamma=12;pos_nu=13
B_n130_016_a25_046,B,130,0.25,2744.0,2744.0,cutLR_triple_warm_100,2812.621714266723,2.4397775896647085,53.74785890005296,196,False,False,base_ub=2860.3235294117644;cut_ub=2812.621714266723;cap_cuts=55;incomp_cuts=342;pos_gamma=9;pos_nu=21
B_n150_030_a25_088,B,150,0.25,3550.0,,LR_100,3583.328573994822,0.9301009747388594,10.847353700024541,100,False,False,hist_len=100
B_n150_030_a25_088,B,150,0.25,3550.0,,LR_200_cold,3561.4722765813385,0.32212174321207326,16.135047399962787,200,False,False,hist_len=200
B_n150_030_a25_088,B,150,0.25,3550.0,,LR_100_plus_LR_100,3561.7650426262157,0.33031495579902037,18.71496960002696,200,False,False,base_ub=3583.328573994822;cont_ub=3561.7650426262157
B_n150_030_a25_088,B,150,0.25,3550.0,,cutLR_cap_warm_100,3561.5897070273904,0.3254082581304276,19.285446100053377,200,False,False,base_ub=3583.328573994822;cut_ub=3561.5897070273904;cap_cuts=55;incomp_cuts=0;pos_gamma=10;pos_nu=0
B_n150_030_a25_088,B,150,0.25,3550.0,,cutLR_pair_warm_100,3560.0788777614694,0.28310827112366743,18.671195200062357,200,False,False,base_ub=3583.328573994822;cut_ub=3560.0788777614694;cap_cuts=55;incomp_cuts=271;pos_gamma=9;pos_nu=14
B_n150_030_a25_088,B,150,0.25,3550.0,,cutLR_triple_warm_100,3560.1313945186143,0.2845792302557492,18.177536999981385,200,False,False,base_ub=3583.328573994822;cut_ub=3560.1313945186143;cap_cuts=55;incomp_cuts=402;pos_gamma=9;pos_nu=16
B_n100_001_a50_002,B,100,0.5,3025.0,3025.0,LR_100,3026.546732950544,0.05110553667334889,5.275936399993952,100,False,False,hist_len=100
B_n100_001_a50_002,B,100,0.5,3025.0,3025.0,LR_200_cold,3026.25266959101,0.0413934237414282,9.31728859996656,200,False,False,hist_len=200
B_n100_001_a50_002,B,100,0.5,3025.0,3025.0,LR_100_plus_LR_100,3026.268355666245,0.04191153979686674,10.110499600006733,200,False,False,base_ub=3026.546732950544;cont_ub=3026.268355666245
B_n100_001_a50_002,B,100,0.5,3025.0,3025.0,cutLR_cap_warm_100,3026.0396192708026,0.03435577195295128,10.88094080000883,200,False,False,base_ub=3026.546732950544;cut_ub=3026.0396192708026;cap_cuts=54;incomp_cuts=0;pos_gamma=8;pos_nu=0
B_n100_001_a50_002,B,100,0.5,3025.0,3025.0,cutLR_pair_warm_100,3026.0396192708026,0.03435577195295128,12.157314000010956,200,False,False,base_ub=3026.546732950544;cut_ub=3026.0396192708026;cap_cuts=54;incomp_cuts=1;pos_gamma=8;pos_nu=0
B_n100_001_a50_002,B,100,0.5,3025.0,3025.0,cutLR_triple_warm_100,3026.252692387824,0.041394176731342505,9.79168349999236,200,False,False,base_ub=3026.546732950544;cut_ub=3026.252692387824;cap_cuts=54;incomp_cuts=40;pos_gamma=4;pos_nu=2
B_n130_016_a50_047,B,130,0.5,4156.0,4157.0,LR_100,4198.741153698134,1.017951622487831,28.18734550004592,100,False,False,hist_len=100
B_n130_016_a50_047,B,130,0.5,4156.0,4157.0,LR_200_cold,4184.140390381776,0.6725489050621629,50.54667830001563,200,False,False,hist_len=200
B_n130_016_a50_047,B,130,0.5,4156.0,4157.0,LR_100_plus_LR_100,4184.140390381776,0.6725489050621629,49.955285700038075,200,False,False,base_ub=4198.741153698134;cont_ub=4184.140390381776
B_n130_016_a50_047,B,130,0.5,4156.0,4157.0,cutLR_cap_warm_100,4183.282272064714,0.6521738264448536,55.339361100050155,200,False,False,base_ub=4198.741153698134;cut_ub=4183.282272064714;cap_cuts=55;incomp_cuts=0;pos_gamma=6;pos_nu=0
B_n130_016_a50_047,B,130,0.5,4156.0,4157.0,cutLR_pair_warm_100,4185.898302206559,0.7142625082601257,58.90040250006132,181,False,False,base_ub=4198.741153698134;cut_ub=4185.898302206559;cap_cuts=55;incomp_cuts=0;pos_gamma=2;pos_nu=0
B_n130_016_a50_047,B,130,0.5,4156.0,4157.0,cutLR_triple_warm_100,4183.587251464403,0.6594161853501889,46.874161800020374,200,False,False,base_ub=4198.741153698134;cut_ub=4183.587251464403;cap_cuts=55;incomp_cuts=10;pos_gamma=4;pos_nu=0
B_n150_030_a50_089,B,150,0.5,4973.0,,LR_100,5011.420124384547,0.7666514367375193,5.9108093999675475,100,False,False,hist_len=100
B_n150_030_a50_089,B,150,0.5,4973.0,,LR_200_cold,4995.085777727064,0.4421501193341615,14.045231099997181,200,False,False,hist_len=200
B_n150_030_a50_089,B,150,0.5,4973.0,,LR_100_plus_LR_100,4995.085777727064,0.4421501193341615,10.603389599942602,200,False,False,base_ub=5011.420124384547;cont_ub=4995.085777727064
B_n150_030_a50_089,B,150,0.5,4973.0,,cutLR_cap_warm_100,4994.703291816125,0.43452614796330247,10.70642509998288,200,False,False,base_ub=5011.420124384547;cut_ub=4994.703291816125;cap_cuts=55;incomp_cuts=0;pos_gamma=9;pos_nu=0
B_n150_030_a50_089,B,150,0.5,4973.0,,cutLR_pair_warm_100,4994.703291816125,0.43452614796330247,10.971152199956123,200,False,False,base_ub=5011.420124384547;cut_ub=4994.703291816125;cap_cuts=55;incomp_cuts=0;pos_gamma=9;pos_nu=0
B_n150_030_a50_089,B,150,0.5,4973.0,,cutLR_triple_warm_100,4990.436418474086,0.34939666618210635,11.564410299994051,200,False,False,base_ub=5011.420124384547;cut_ub=4990.436418474086;cap_cuts=55;incomp_cuts=47;pos_gamma=8;pos_nu=1
B_n100_001_a75_003,B,100,0.75,3119.0,3119.0,LR_100,3119.0000020708853,6.639581046844053e-08,2.441681199998129,100,False,False,hist_len=100
B_n100_001_a75_003,B,100,0.75,3119.0,3119.0,LR_200_cold,3119.000000014642,4.694438988064648e-10,4.853349099983461,200,False,False,hist_len=200
B_n100_001_a75_003,B,100,0.75,3119.0,3119.0,LR_100_plus_LR_100,3119.000000014642,4.694438988064648e-10,4.966806799988262,200,False,False,base_ub=3119.0000020708853;cont_ub=3119.000000014642
B_n100_001_a75_003,B,100,0.75,3119.0,3119.0,cutLR_cap_warm_100,3119.000000010635,3.40980323666094e-10,5.132164300011937,200,False,False,base_ub=3119.0000020708853;cut_ub=3119.000000010635;cap_cuts=54;incomp_cuts=0;pos_gamma=1;pos_nu=0
B_n100_001_a75_003,B,100,0.75,3119.0,3119.0,cutLR_pair_warm_100,3119.000000010635,3.40980323666094e-10,5.041866499988828,200,False,False,base_ub=3119.0000020708853;cut_ub=3119.000000010635;cap_cuts=54;incomp_cuts=0;pos_gamma=1;pos_nu=0
B_n100_001_a75_003,B,100,0.75,3119.0,3119.0,cutLR_triple_warm_100,3119.000000010635,3.40980323666094e-10,5.000586099980865,200,False,False,base_ub=3119.0000020708853;cut_ub=3119.000000010635;cap_cuts=54;incomp_cuts=0;pos_gamma=1;pos_nu=0
B_n130_016_a75_048,B,130,0.75,4333.0,4216.0,LR_100,4334.618678076473,0.03734303284069187,13.627271900011692,100,False,False,hist_len=100
B_n130_016_a75_048,B,130,0.75,4333.0,4216.0,LR_200_cold,4334.274203845233,0.029398321040762794,27.336165399989113,200,False,False,hist_len=200
B_n130_016_a75_048,B,130,0.75,4333.0,4216.0,LR_100_plus_LR_100,4334.2600310816615,0.029071423325449507,27.466535400017165,200,False,False,base_ub=4334.618678076473;cont_ub=4334.2600310816615
B_n130_016_a75_048,B,130,0.75,4333.0,4216.0,cutLR_cap_warm_100,4334.180390927324,0.02723446697776735,27.721627600025386,200,False,False,base_ub=4334.618678076473;cut_ub=4334.180390927324;cap_cuts=55;incomp_cuts=0;pos_gamma=3;pos_nu=0
B_n130_016_a75_048,B,130,0.75,4333.0,4216.0,cutLR_pair_warm_100,4334.180390927324,0.02723446697776735,27.734562400029972,200,False,False,base_ub=4334.618678076473;cut_ub=4334.180390927324;cap_cuts=55;incomp_cuts=0;pos_gamma=3;pos_nu=0
B_n130_016_a75_048,B,130,0.75,4333.0,4216.0,cutLR_triple_warm_100,4334.180390927324,0.02723446697776735,28.079717500018887,200,False,False,base_ub=4334.618678076473;cut_ub=4334.180390927324;cap_cuts=55;incomp_cuts=0;pos_gamma=3;pos_nu=0
B_n150_030_a75_090,B,150,0.75,5281.0,,LR_100,5282.657588686741,0.03137793163598485,5.8788715999689884,100,False,False,hist_len=100
B_n150_030_a75_090,B,150,0.75,5281.0,,LR_200_cold,5282.2023511051,0.022762306802742226,12.317529099993408,200,False,False,hist_len=200
B_n150_030_a75_090,B,150,0.75,5281.0,,LR_100_plus_LR_100,5282.604088246933,0.03036548301058925,11.39525279996451,200,False,False,base_ub=5282.657588686741;cont_ub=5282.604088246933
B_n150_030_a75_090,B,150,0.75,5281.0,,cutLR_cap_warm_100,5282.261468506277,0.023881220454501962,11.572530999954324,200,False,False,base_ub=5282.657588686741;cut_ub=5282.261468506277;cap_cuts=55;incomp_cuts=0;pos_gamma=7;pos_nu=0
B_n150_030_a75_090,B,150,0.75,5281.0,,cutLR_pair_warm_100,5282.261468506277,0.023881220454501962,11.613296899944544,200,False,False,base_ub=5282.657588686741;cut_ub=5282.261468506277;cap_cuts=55;incomp_cuts=0;pos_gamma=7;pos_nu=0
B_n150_030_a75_090,B,150,0.75,5281.0,,cutLR_triple_warm_100,5282.261468506277,0.023881220454501962,11.396689099958166,200,False,False,base_ub=5282.657588686741;cut_ub=5282.261468506277;cap_cuts=55;incomp_cuts=0;pos_gamma=7;pos_nu=0
C_n050_001_a25_001,C,50,0.25,735.0,735.0,LR_100,738.2338393938601,0.4380508209316551,0.18410200002836064,100,False,False,hist_len=100
C_n050_001_a25_001,C,50,0.25,735.0,735.0,LR_200_cold,735.0476790842323,0.006486529457749105,0.38309279998065904,200,False,False,hist_len=200
C_n050_001_a25_001,C,50,0.25,735.0,735.0,LR_100_plus_LR_100,735.0642138767123,0.008735818653670941,0.369295000040438,200,False,False,base_ub=738.2338393938601;cont_ub=735.0642138767123
C_n050_001_a25_001,C,50,0.25,735.0,735.0,cutLR_cap_warm_100,735.0177672895264,0.0024172598700506844,0.3635720000602305,200,False,False,base_ub=738.2338393938601;cut_ub=735.0177672895264;cap_cuts=39;incomp_cuts=0;pos_gamma=3;pos_nu=0
C_n050_001_a25_001,C,50,0.25,735.0,735.0,cutLR_pair_warm_100,735.0494296352213,0.006724668196231213,0.39291450002929196,200,False,False,base_ub=738.2338393938601;cut_ub=735.0494296352213;cap_cuts=39;incomp_cuts=91;pos_gamma=3;pos_nu=3
C_n050_001_a25_001,C,50,0.25,735.0,735.0,cutLR_triple_warm_100,735.0494296352213,0.006724668196231213,0.3745950000593439,200,False,False,base_ub=738.2338393938601;cut_ub=735.0494296352213;cap_cuts=39;incomp_cuts=93;pos_gamma=3;pos_nu=3
C_n065_018_a25_052,C,65,0.25,1386.0,1386.0,LR_100,1414.4781965791335,2.013335846958054,0.6517949000117369,100,False,False,hist_len=100
C_n065_018_a25_052,C,65,0.25,1386.0,1386.0,LR_200_cold,1390.4186490594066,0.31779270670712734,1.1734419999993406,200,False,False,hist_len=200
C_n065_018_a25_052,C,65,0.25,1386.0,1386.0,LR_100_plus_LR_100,1390.4186490594066,0.31779270670712734,1.1758170000393875,200,False,False,base_ub=1414.4781965791335;cont_ub=1390.4186490594066
C_n065_018_a25_052,C,65,0.25,1386.0,1386.0,cutLR_cap_warm_100,1389.1924694699915,0.2298075709559141,1.2317547000129707,200,False,False,base_ub=1414.4781965791335;cut_ub=1389.1924694699915;cap_cuts=50;incomp_cuts=0;pos_gamma=3;pos_nu=0
C_n065_018_a25_052,C,65,0.25,1386.0,1386.0,cutLR_pair_warm_100,1388.6138099141642,0.18823159437869852,1.2436396999983117,200,False,False,base_ub=1414.4781965791335;cut_ub=1388.6138099141642;cap_cuts=50;incomp_cuts=110;pos_gamma=3;pos_nu=7
C_n065_018_a25_052,C,65,0.25,1386.0,1386.0,cutLR_triple_warm_100,1389.4471352816304,0.24809402201053676,1.2022643000236712,200,False,False,base_ub=1414.4781965791335;cut_ub=1389.4471352816304;cap_cuts=50;incomp_cuts=136;pos_gamma=3;pos_nu=8
C_n080_035_a25_103,C,80,0.25,1897.0,,LR_100,1906.2823830677771,0.4869364135254187,1.1838486000197008,100,False,False,hist_len=100
C_n080_035_a25_103,C,80,0.25,1897.0,,LR_200_cold,1902.7612024271998,0.3027811592884436,2.3733896000194363,200,False,False,hist_len=200
C_n080_035_a25_103,C,80,0.25,1897.0,,LR_100_plus_LR_100,1902.7612024271998,0.3027811592884436,2.441196600033436,200,False,False,base_ub=1906.2823830677771;cont_ub=1902.7612024271998
C_n080_035_a25_103,C,80,0.25,1897.0,,cutLR_cap_warm_100,1902.0304442698355,0.2644775894618549,2.419441799982451,200,False,False,base_ub=1906.2823830677771;cut_ub=1902.0304442698355;cap_cuts=55;incomp_cuts=0;pos_gamma=8;pos_nu=0
C_n080_035_a25_103,C,80,0.25,1897.0,,cutLR_pair_warm_100,1902.7107600459324,0.30013810642425304,2.502991800021846,200,False,False,base_ub=1906.2823830677771;cut_ub=1902.7107600459324;cap_cuts=55;incomp_cuts=139;pos_gamma=6;pos_nu=4
C_n080_035_a25_103,C,80,0.25,1897.0,,cutLR_triple_warm_100,1901.8512244857445,0.25507907365657806,2.46952250006143,200,False,False,base_ub=1906.2823830677771;cut_ub=1901.8512244857445;cap_cuts=55;incomp_cuts=199;pos_gamma=6;pos_nu=4
C_n050_001_a50_002,C,50,0.5,1236.0,1236.0,LR_100,1265.1042546191388,2.3005419919246655,0.1939163999632001,100,False,False,hist_len=100
C_n050_001_a50_002,C,50,0.5,1236.0,1236.0,LR_200_cold,1240.699343566375,0.378765701033329,0.36238599999342114,200,False,False,hist_len=200
C_n050_001_a50_002,C,50,0.5,1236.0,1236.0,LR_100_plus_LR_100,1240.699343566375,0.378765701033329,0.390529099968262,200,False,False,base_ub=1265.1042546191388;cont_ub=1240.699343566375
C_n050_001_a50_002,C,50,0.5,1236.0,1236.0,cutLR_cap_warm_100,1239.3258978031893,0.26836345541432655,0.3874504999839701,200,False,False,base_ub=1265.1042546191388;cut_ub=1239.3258978031893;cap_cuts=54;incomp_cuts=0;pos_gamma=5;pos_nu=0
C_n050_001_a50_002,C,50,0.5,1236.0,1236.0,cutLR_pair_warm_100,1240.3758000482903,0.35278018549861834,0.3942693999852054,200,False,False,base_ub=1265.1042546191388;cut_ub=1240.3758000482903;cap_cuts=54;incomp_cuts=19;pos_gamma=5;pos_nu=5
C_n050_001_a50_002,C,50,0.5,1236.0,1236.0,cutLR_triple_warm_100,1237.4720117945697,0.11895313837724346,0.38786609994713217,200,False,False,base_ub=1265.1042546191388;cut_ub=1237.4720117945697;cap_cuts=54;incomp_cuts=48;pos_gamma=5;pos_nu=6
C_n065_018_a50_053,C,65,0.5,1905.0,1905.0,LR_100,1951.6979611098254,2.3926838086806637,0.674492200021632,100,False,False,hist_len=100
C_n065_018_a50_053,C,65,0.5,1905.0,1905.0,LR_200_cold,1928.192811312656,1.2028263551541303,1.3597837000270374,200,False,False,hist_len=200
C_n065_018_a50_053,C,65,0.5,1905.0,1905.0,LR_100_plus_LR_100,1928.192811312656,1.2028263551541303,1.4034803000395186,200,False,False,base_ub=1951.6979611098254;cont_ub=1928.192811312656
C_n065_018_a50_053,C,65,0.5,1905.0,1905.0,cutLR_cap_warm_100,1924.8947495649668,1.0335499938094315,1.4235762000316754,200,False,False,base_ub=1951.6979611098254;cut_ub=1924.8947495649668;cap_cuts=51;incomp_cuts=0;pos_gamma=6;pos_nu=0
C_n065_018_a50_053,C,65,0.5,1905.0,1905.0,cutLR_pair_warm_100,1924.8947495649668,1.0335499938094315,1.42126279999502,200,False,False,base_ub=1951.6979611098254;cut_ub=1924.8947495649668;cap_cuts=51;incomp_cuts=0;pos_gamma=6;pos_nu=0
C_n065_018_a50_053,C,65,0.5,1905.0,1905.0,cutLR_triple_warm_100,1914.0350446724617,0.4720417579401126,1.497704799985513,200,False,False,base_ub=1951.6979611098254;cut_ub=1914.0350446724617;cap_cuts=51;incomp_cuts=36;pos_gamma=8;pos_nu=3
C_n080_035_a50_104,C,80,0.5,2778.0,,LR_100,2824.7150483071377,1.653796843512915,1.4409411000087857,100,False,False,hist_len=100
C_n080_035_a50_104,C,80,0.5,2778.0,,LR_200_cold,2807.965390164625,1.0671566775567842,2.8614486000151373,200,False,False,hist_len=200
C_n080_035_a50_104,C,80,0.5,2778.0,,LR_100_plus_LR_100,2808.3200188206465,1.0796497057831536,2.840813899994828,200,False,False,base_ub=2824.7150483071377;cont_ub=2808.3200188206465
C_n080_035_a50_104,C,80,0.5,2778.0,,cutLR_cap_warm_100,2806.278355600571,1.00768177697466,2.8912480999715626,200,False,False,base_ub=2824.7150483071377;cut_ub=2806.278355600571;cap_cuts=55;incomp_cuts=0;pos_gamma=2;pos_nu=0
C_n080_035_a50_104,C,80,0.5,2778.0,,cutLR_pair_warm_100,2806.278355600571,1.00768177697466,2.8990157000371255,200,False,False,base_ub=2824.7150483071377;cut_ub=2806.278355600571;cap_cuts=55;incomp_cuts=0;pos_gamma=2;pos_nu=0
C_n080_035_a50_104,C,80,0.5,2778.0,,cutLR_triple_warm_100,2795.359925164072,0.6210264734711473,2.9434234000509605,200,False,False,base_ub=2824.7150483071377;cut_ub=2795.359925164072;cap_cuts=55;incomp_cuts=46;pos_gamma=3;pos_nu=1
C_n050_001_a75_003,C,50,0.75,1445.0,1445.0,LR_100,1446.4556012493674,0.10063227990614795,0.1939929000218399,100,False,False,hist_len=100
C_n050_001_a75_003,C,50,0.75,1445.0,1445.0,LR_200_cold,1445.3172246680285,0.02194844582312318,0.3530208999873139,200,False,False,hist_len=200
C_n050_001_a75_003,C,50,0.75,1445.0,1445.0,LR_100_plus_LR_100,1445.3172246680285,0.02194844582312318,0.37755190004827455,200,False,False,base_ub=1446.4556012493674;cont_ub=1445.3172246680285
C_n050_001_a75_003,C,50,0.75,1445.0,1445.0,cutLR_cap_warm_100,1445.2734799762306,0.01892236867413801,0.38724990002810955,200,False,False,base_ub=1446.4556012493674;cut_ub=1445.2734799762306;cap_cuts=54;incomp_cuts=0;pos_gamma=3;pos_nu=0
C_n050_001_a75_003,C,50,0.75,1445.0,1445.0,cutLR_pair_warm_100,1445.2734799762306,0.01892236867413801,0.37980890000471845,200,False,False,base_ub=1446.4556012493674;cut_ub=1445.2734799762306;cap_cuts=54;incomp_cuts=0;pos_gamma=3;pos_nu=0
C_n050_001_a75_003,C,50,0.75,1445.0,1445.0,cutLR_triple_warm_100,1445.2734799762306,0.01892236867413801,0.40180739999050274,200,False,False,base_ub=1446.4556012493674;cut_ub=1445.2734799762306;cap_cuts=54;incomp_cuts=7;pos_gamma=3;pos_nu=0
C_n065_018_a75_054,C,65,0.75,2146.0,2146.0,LR_100,2146.000000020007,9.322956406996434e-10,0.9114641000051051,100,False,False,hist_len=100
C_n065_018_a75_054,C,65,0.75,2146.0,2146.0,LR_200_cold,2146.000000020007,9.322956406996434e-10,1.757099799986463,200,False,False,hist_len=200
C_n065_018_a75_054,C,65,0.75,2146.0,2146.0,LR_100_plus_LR_100,2146.000000020007,9.322956406996434e-10,1.7105107000097632,200,False,False,base_ub=2146.000000020007;cont_ub=2146.000000020007
C_n065_018_a75_054,C,65,0.75,2146.0,2146.0,cutLR_cap_warm_100,2146.000000020007,9.322956406996434e-10,1.7729388999869116,200,False,False,base_ub=2146.000000020007;cut_ub=2146.000000020007;cap_cuts=51;incomp_cuts=0;pos_gamma=0;pos_nu=0
C_n065_018_a75_054,C,65,0.75,2146.0,2146.0,cutLR_pair_warm_100,2146.000000020007,9.322956406996434e-10,1.7276672999723814,200,False,False,base_ub=2146.000000020007;cut_ub=2146.000000020007;cap_cuts=51;incomp_cuts=0;pos_gamma=0;pos_nu=0
C_n065_018_a75_054,C,65,0.75,2146.0,2146.0,cutLR_triple_warm_100,2146.000000020007,9.322956406996434e-10,1.7927193000214174,200,False,False,base_ub=2146.000000020007;cut_ub=2146.000000020007;cap_cuts=51;incomp_cuts=0;pos_gamma=0;pos_nu=0
C_n080_035_a75_105,C,80,0.75,2934.0,,LR_100,2934.284964652013,0.009711553425992966,1.4863574000191875,100,False,False,hist_len=100
C_n080_035_a75_105,C,80,0.75,2934.0,,LR_200_cold,2934.0516230719622,0.0017594466149232365,3.0395057999994606,200,False,False,hist_len=200
C_n080_035_a75_105,C,80,0.75,2934.0,,LR_100_plus_LR_100,2934.054512777041,0.0018579333411722788,2.936371300020255,200,False,False,base_ub=2934.284964652013;cont_ub=2934.054512777041
C_n080_035_a75_105,C,80,0.75,2934.0,,cutLR_cap_warm_100,2934.0532477292213,0.0018148180937930182,3.0368120999773964,200,False,False,base_ub=2934.284964652013;cut_ub=2934.0532477292213;cap_cuts=55;incomp_cuts=0;pos_gamma=3;pos_nu=0
C_n080_035_a75_105,C,80,0.75,2934.0,,cutLR_pair_warm_100,2934.0532477292213,0.0018148180937930182,3.026590700028464,200,False,False,base_ub=2934.284964652013;cut_ub=2934.0532477292213;cap_cuts=55;incomp_cuts=0;pos_gamma=3;pos_nu=0
C_n080_035_a75_105,C,80,0.75,2934.0,,cutLR_triple_warm_100,2934.0532477292213,0.0018148180937930182,3.1164274999755435,200,False,False,base_ub=2934.284964652013;cut_ub=2934.0532477292213;cap_cuts=55;incomp_cuts=0;pos_gamma=3;pos_nu=0
D_n040_001_a25_001,D,40,0.25,715.0,715.0,LR_100,715.0171334584162,0.002396230469796608,0.1867750000092201,100,False,False,hist_len=100
D_n040_001_a25_001,D,40,0.25,715.0,715.0,LR_200_cold,715.0000057402178,8.028276620795163e-07,0.3619962999946438,200,False,False,hist_len=200
D_n040_001_a25_001,D,40,0.25,715.0,715.0,LR_100_plus_LR_100,715.0000073952464,1.0343001810272348e-06,0.371175599982962,200,False,False,base_ub=715.0171334584162;cont_ub=715.0000073952464
D_n040_001_a25_001,D,40,0.25,715.0,715.0,cutLR_cap_warm_100,715.0000128370535,1.7953920701665767e-06,0.37416120001580566,200,False,False,base_ub=715.0171334584162;cut_ub=715.0000128370535;cap_cuts=47;incomp_cuts=0;pos_gamma=2;pos_nu=0
D_n040_001_a25_001,D,40,0.25,715.0,715.0,cutLR_pair_warm_100,715.0000103430551,1.446581115225793e-06,0.37485259998356923,200,False,False,base_ub=715.0171334584162;cut_ub=715.0000103430551;cap_cuts=47;incomp_cuts=83;pos_gamma=2;pos_nu=3
D_n040_001_a25_001,D,40,0.25,715.0,715.0,cutLR_triple_warm_100,715.0000103430551,1.446581115225793e-06,0.37443700002040714,200,False,False,base_ub=715.0171334584162;cut_ub=715.0000103430551;cap_cuts=47;incomp_cuts=88;pos_gamma=2;pos_nu=3
D_n060_023_a25_067,D,60,0.25,1263.0,1263.0,LR_100,1298.8714014535956,2.761736182154069,0.7775027999887243,100,False,False,hist_len=100
D_n060_023_a25_067,D,60,0.25,1263.0,1263.0,LR_200_cold,1278.3277722536038,1.1990486779914058,1.5179555999930017,200,False,False,hist_len=200
D_n060_023_a25_067,D,60,0.25,1263.0,1263.0,LR_100_plus_LR_100,1280.403581217297,1.3592262215286168,1.4965481999679469,200,False,False,base_ub=1298.8714014535956;cont_ub=1280.403581217297
D_n060_023_a25_067,D,60,0.25,1263.0,1263.0,cutLR_cap_warm_100,1273.3331692936033,0.8115055464498543,1.6134974000160582,200,False,False,base_ub=1298.8714014535956;cut_ub=1273.3331692936033;cap_cuts=54;incomp_cuts=0;pos_gamma=4;pos_nu=0
D_n060_023_a25_067,D,60,0.25,1263.0,1263.0,cutLR_pair_warm_100,1271.667512237456,0.6815863544556469,1.9618037999607623,200,False,False,base_ub=1298.8714014535956;cut_ub=1271.667512237456;cap_cuts=54;incomp_cuts=138;pos_gamma=4;pos_nu=3
D_n060_023_a25_067,D,60,0.25,1263.0,1263.0,cutLR_triple_warm_100,1272.7834126823109,0.7686628050638211,1.8464919999823906,200,False,False,base_ub=1298.8714014535956;cut_ub=1272.7834126823109;cap_cuts=54;incomp_cuts=169;pos_gamma=7;pos_nu=5
D_n080_045_a25_133,D,80,0.25,1910.0,,LR_100,1993.8173517518749,4.20386309098115,10.056840500037652,100,False,False,hist_len=100
D_n080_045_a25_133,D,80,0.25,1910.0,,LR_200_cold,1956.212177366395,2.3623295009138263,19.893569200008642,200,False,False,hist_len=200
D_n080_045_a25_133,D,80,0.25,1910.0,,LR_100_plus_LR_100,1956.212177366395,2.3623295009138263,20.05339100008132,200,False,False,base_ub=1993.8173517518749;cont_ub=1956.212177366395
D_n080_045_a25_133,D,80,0.25,1910.0,,cutLR_cap_warm_100,1945.9383088024024,1.8468370060775496,20.294540700037032,200,False,False,base_ub=1993.8173517518749;cut_ub=1945.9383088024024;cap_cuts=55;incomp_cuts=0;pos_gamma=11;pos_nu=0
D_n080_045_a25_133,D,80,0.25,1910.0,,cutLR_pair_warm_100,1945.919429091775,1.8458847038975241,21.369875700038392,200,False,False,base_ub=1993.8173517518749;cut_ub=1945.919429091775;cap_cuts=55;incomp_cuts=102;pos_gamma=7;pos_nu=4
D_n080_045_a25_133,D,80,0.25,1910.0,,cutLR_triple_warm_100,1946.6322701015415,1.8818279478964288,20.049280800041743,200,False,False,base_ub=1993.8173517518749;cut_ub=1946.6322701015415;cap_cuts=55;incomp_cuts=282;pos_gamma=10;pos_nu=12
D_n040_001_a50_002,D,40,0.5,970.0,970.0,LR_100,984.3982775671772,1.4626475782506227,0.13240400003269315,100,False,False,hist_len=100
D_n040_001_a50_002,D,40,0.5,970.0,970.0,LR_200_cold,970.6959711390265,0.0716981588179275,0.29952449997654185,200,False,False,hist_len=200
D_n040_001_a50_002,D,40,0.5,970.0,970.0,LR_100_plus_LR_100,970.6959711390265,0.0716981588179275,0.29204660007962957,200,False,False,base_ub=984.3982775671772;cont_ub=970.6959711390265
D_n040_001_a50_002,D,40,0.5,970.0,970.0,cutLR_cap_warm_100,970.5605211030007,0.057752308157322914,0.3151814000448212,200,False,False,base_ub=984.3982775671772;cut_ub=970.5605211030007;cap_cuts=51;incomp_cuts=0;pos_gamma=6;pos_nu=0
D_n040_001_a50_002,D,40,0.5,970.0,970.0,cutLR_pair_warm_100,970.6247898422984,0.06436986246764495,0.3042761000106111,200,False,False,base_ub=984.3982775671772;cut_ub=970.6247898422984;cap_cuts=51;incomp_cuts=14;pos_gamma=6;pos_nu=5
D_n040_001_a50_002,D,40,0.5,970.0,970.0,cutLR_triple_warm_100,970.6325641215935,0.06517029666792523,0.32191590004367754,200,False,False,base_ub=984.3982775671772;cut_ub=970.6325641215935;cap_cuts=51;incomp_cuts=45;pos_gamma=6;pos_nu=4
D_n060_023_a50_068,D,60,0.5,1767.0,1767.0,LR_100,1813.782984806961,2.5793044260992453,0.7689040000550449,100,False,False,hist_len=100
D_n060_023_a50_068,D,60,0.5,1767.0,1767.0,LR_200_cold,1786.5012743085504,1.0915902825816992,1.4737401999882422,200,False,False,hist_len=200
D_n060_023_a50_068,D,60,0.5,1767.0,1767.0,LR_100_plus_LR_100,1786.5012743085504,1.0915902825816992,1.6066756000509486,200,False,False,base_ub=1813.782984806961;cont_ub=1786.5012743085504
D_n060_023_a50_068,D,60,0.5,1767.0,1767.0,cutLR_cap_warm_100,1785.4362073140203,1.0325884082834529,1.6178140000556596,200,False,False,base_ub=1813.782984806961;cut_ub=1785.4362073140203;cap_cuts=54;incomp_cuts=0;pos_gamma=4;pos_nu=0
D_n060_023_a50_068,D,60,0.5,1767.0,1767.0,cutLR_pair_warm_100,1785.4362073140203,1.0325884082834529,1.6355647000600584,200,False,False,base_ub=1813.782984806961;cut_ub=1785.4362073140203;cap_cuts=54;incomp_cuts=0;pos_gamma=4;pos_nu=0
D_n060_023_a50_068,D,60,0.5,1767.0,1767.0,cutLR_triple_warm_100,1776.6630057769405,0.5438851231505687,1.6518634000676684,200,False,False,base_ub=1813.782984806961;cut_ub=1776.6630057769405;cap_cuts=54;incomp_cuts=63;pos_gamma=7;pos_nu=3
D_n080_045_a50_134,D,80,0.5,2749.0,,LR_100,2818.3190973158416,2.4595900933241004,7.254570799996145,100,False,False,hist_len=100
D_n080_045_a50_134,D,80,0.5,2749.0,,LR_200_cold,2803.5021081711216,1.9440723091403802,14.578054299985524,200,False,False,hist_len=200
D_n080_045_a50_134,D,80,0.5,2749.0,,LR_100_plus_LR_100,2804.7490508261694,1.9876662694563685,14.336545600031968,200,False,False,base_ub=2818.3190973158416;cont_ub=2804.7490508261694
D_n080_045_a50_134,D,80,0.5,2749.0,,cutLR_cap_warm_100,2807.8932775348317,2.0974186592496338,15.215170599985868,200,False,False,base_ub=2818.3190973158416;cut_ub=2807.8932775348317;cap_cuts=55;incomp_cuts=0;pos_gamma=6;pos_nu=0
D_n080_045_a50_134,D,80,0.5,2749.0,,cutLR_pair_warm_100,2807.8932775348317,2.0974186592496338,15.325977999949828,200,False,False,base_ub=2818.3190973158416;cut_ub=2807.8932775348317;cap_cuts=55;incomp_cuts=0;pos_gamma=6;pos_nu=0
D_n080_045_a50_134,D,80,0.5,2749.0,,cutLR_triple_warm_100,2805.898995751503,2.0278347808547528,15.470946300018113,200,False,False,base_ub=2818.3190973158416;cut_ub=2805.898995751503;cap_cuts=55;incomp_cuts=2;pos_gamma=3;pos_nu=0
D_n040_001_a75_003,D,40,0.75,1203.0,1203.0,LR_100,1202.9999999999995,0.0,0.08768019999843091,44,False,False,hist_len=44
D_n040_001_a75_003,D,40,0.75,1203.0,1203.0,LR_200_cold,1202.9999999999995,0.0,0.07541260001016781,44,False,False,hist_len=44
D_n040_001_a75_003,D,40,0.75,1203.0,1203.0,LR_100_plus_LR_100,1202.9999999999995,0.0,0.08930769999278709,45,False,False,base_ub=1202.9999999999995;cont_ub=1202.9999999999995
D_n040_001_a75_003,D,40,0.75,1203.0,1203.0,cutLR_cap_warm_100,1202.9999999999995,0.0,0.09123170003294945,45,False,False,base_ub=1202.9999999999995;cut_ub=1202.9999999999995;cap_cuts=51;incomp_cuts=0;pos_gamma=0;pos_nu=0
D_n040_001_a75_003,D,40,0.75,1203.0,1203.0,cutLR_pair_warm_100,1202.9999999999995,0.0,0.0929306999896653,45,False,False,base_ub=1202.9999999999995;cut_ub=1202.9999999999995;cap_cuts=51;incomp_cuts=0;pos_gamma=0;pos_nu=0
D_n040_001_a75_003,D,40,0.75,1203.0,1203.0,cutLR_triple_warm_100,1202.9999999999995,0.0,0.0948039999930188,45,False,False,base_ub=1202.9999999999995;cut_ub=1202.9999999999995;cap_cuts=51;incomp_cuts=7;pos_gamma=0;pos_nu=0
D_n060_023_a75_069,D,60,0.75,2015.0,2004.0,LR_100,2016.3978127486264,0.069322270624812,1.2811861999798566,100,False,False,hist_len=100
D_n060_023_a75_069,D,60,0.75,2015.0,2004.0,LR_200_cold,2016.106088262314,0.054862602159358606,2.476147999987006,200,False,False,hist_len=200
D_n060_023_a75_069,D,60,0.75,2015.0,2004.0,LR_100_plus_LR_100,2016.0747591843076,0.0533094906035348,2.54408969997894,200,False,False,base_ub=2016.3978127486264;cont_ub=2016.0747591843076
D_n060_023_a75_069,D,60,0.75,2015.0,2004.0,cutLR_cap_warm_100,2016.1041295994066,0.054765504578675704,2.5643635999877006,200,False,False,base_ub=2016.3978127486264;cut_ub=2016.1041295994066;cap_cuts=54;incomp_cuts=0;pos_gamma=3;pos_nu=0
D_n060_023_a75_069,D,60,0.75,2015.0,2004.0,cutLR_pair_warm_100,2016.1041295994066,0.054765504578675704,2.651709400000982,200,False,False,base_ub=2016.3978127486264;cut_ub=2016.1041295994066;cap_cuts=54;incomp_cuts=0;pos_gamma=3;pos_nu=0
D_n060_023_a75_069,D,60,0.75,2015.0,2004.0,cutLR_triple_warm_100,2016.1041295994066,0.054765504578675704,2.6598708999808878,200,False,False,base_ub=2016.3978127486264;cut_ub=2016.1041295994066;cap_cuts=54;incomp_cuts=0;pos_gamma=3;pos_nu=0
D_n080_045_a75_135,D,80,0.75,2952.0,,LR_100,2953.0,0.033863867253640365,1.3727772000129335,10,False,False,hist_len=10
D_n080_045_a75_135,D,80,0.75,2952.0,,LR_200_cold,2953.0,0.033863867253640365,1.366167200030759,10,False,False,hist_len=10
D_n080_045_a75_135,D,80,0.75,2952.0,,LR_100_plus_LR_100,2953.0,0.033863867253640365,1.5131378000369295,11,False,False,base_ub=2953.0;cont_ub=2953.0
D_n080_045_a75_135,D,80,0.75,2952.0,,cutLR_cap_warm_100,2953.0,0.033863867253640365,1.6497952000354417,11,False,False,base_ub=2953.0;cut_ub=2953.0;cap_cuts=55;incomp_cuts=0;pos_gamma=0;pos_nu=0
D_n080_045_a75_135,D,80,0.75,2952.0,,cutLR_pair_warm_100,2953.0,0.033863867253640365,1.6548981000087224,11,False,False,base_ub=2953.0;cut_ub=2953.0;cap_cuts=55;incomp_cuts=0;pos_gamma=0;pos_nu=0
D_n080_045_a75_135,D,80,0.75,2952.0,,cutLR_triple_warm_100,2953.0,0.033863867253640365,1.64948139997432,11,False,False,base_ub=2953.0;cut_ub=2953.0;cap_cuts=55;incomp_cuts=0;pos_gamma=0;pos_nu=0
EB_n100_001_a25_001,EB,100,0.25,1609.0,1609.0,LR_100,1629.4619820353169,1.2557508098322334,1.5662067999946885,100,False,False,hist_len=100
EB_n100_001_a25_001,EB,100,0.25,1609.0,1609.0,LR_200_cold,1611.906783887002,0.18033200902550858,2.539205899985973,200,False,False,hist_len=200
EB_n100_001_a25_001,EB,100,0.25,1609.0,1609.0,LR_100_plus_LR_100,1611.9583716231657,0.1835265522512696,2.3675604999880306,200,False,False,base_ub=1629.4619820353169;cont_ub=1611.9583716231657
EB_n100_001_a25_001,EB,100,0.25,1609.0,1609.0,cutLR_cap_warm_100,1611.2156737046419,0.1375156498786656,2.452170100004878,200,False,False,base_ub=1629.4619820353169;cut_ub=1611.2156737046419;cap_cuts=44;incomp_cuts=0;pos_gamma=5;pos_nu=0
EB_n100_001_a25_001,EB,100,0.25,1609.0,1609.0,cutLR_pair_warm_100,1611.4933946909093,0.15472571585610312,2.545807699963916,200,False,False,base_ub=1629.4619820353169;cut_ub=1611.4933946909093;cap_cuts=44;incomp_cuts=187;pos_gamma=7;pos_nu=8
EB_n100_001_a25_001,EB,100,0.25,1609.0,1609.0,cutLR_triple_warm_100,1611.434514482211,0.15107746919478174,2.586572200001683,200,False,False,base_ub=1629.4619820353169;cut_ub=1611.434514482211;cap_cuts=44;incomp_cuts=227;pos_gamma=7;pos_nu=10
EB_n130_016_a25_046,EB,130,0.25,2237.0,2237.0,LR_100,2296.2113979540372,2.5786562163568902,10.320000799954869,100,False,False,hist_len=100
EB_n130_016_a25_046,EB,130,0.25,2237.0,2237.0,LR_200_cold,2268.21568578757,1.376222110761529,24.63633489998756,200,False,False,hist_len=200
EB_n130_016_a25_046,EB,130,0.25,2237.0,2237.0,LR_100_plus_LR_100,2268.8804243257387,1.4051169900332152,23.872092099918518,200,False,False,base_ub=2296.2113979540372;cont_ub=2268.8804243257387
EB_n130_016_a25_046,EB,130,0.25,2237.0,2237.0,cutLR_cap_warm_100,2259.5521520041593,0.9980806145216077,24.281794099952094,200,False,False,base_ub=2296.2113979540372;cut_ub=2259.5521520041593;cap_cuts=50;incomp_cuts=0;pos_gamma=9;pos_nu=0
EB_n130_016_a25_046,EB,130,0.25,2237.0,2237.0,cutLR_pair_warm_100,2262.3058778478544,1.1185878132415954,23.61386819992913,200,False,False,base_ub=2296.2113979540372;cut_ub=2262.3058778478544;cap_cuts=50;incomp_cuts=276;pos_gamma=11;pos_nu=13
EB_n130_016_a25_046,EB,130,0.25,2237.0,2237.0,cutLR_triple_warm_100,2263.36466239062,1.1648437756721537,23.857534799957648,200,False,False,base_ub=2296.2113979540372;cut_ub=2263.36466239062;cap_cuts=50;incomp_cuts=381;pos_gamma=8;pos_nu=14
EB_n150_030_a25_088,EB,150,0.25,2970.0,,LR_100,3028.3428215786025,1.9265593433767783,3.038083999999799,100,False,False,hist_len=100
EB_n150_030_a25_088,EB,150,0.25,2970.0,,LR_200_cold,2983.3828977255853,0.448581297955012,7.510107399953995,200,False,False,hist_len=200
EB_n150_030_a25_088,EB,150,0.25,2970.0,,LR_100_plus_LR_100,2984.4924859721696,0.4855929790504658,7.403179999964777,200,False,False,base_ub=3028.3428215786025;cont_ub=2984.4924859721696
EB_n150_030_a25_088,EB,150,0.25,2970.0,,cutLR_cap_warm_100,2981.9356431418773,0.4002649476801418,7.558140499982983,200,False,False,base_ub=3028.3428215786025;cut_ub=2981.9356431418773;cap_cuts=55;incomp_cuts=0;pos_gamma=15;pos_nu=0
EB_n150_030_a25_088,EB,150,0.25,2970.0,,cutLR_pair_warm_100,2984.2817399017395,0.47856540187823204,7.451019999978598,200,False,False,base_ub=3028.3428215786025;cut_ub=2984.2817399017395;cap_cuts=55;incomp_cuts=396;pos_gamma=15;pos_nu=23
EB_n150_030_a25_088,EB,150,0.25,2970.0,,cutLR_triple_warm_100,2983.8118298362447,0.4628921200102179,7.326661699975375,200,False,False,base_ub=3028.3428215786025;cut_ub=2983.8118298362447;cap_cuts=55;incomp_cuts=474;pos_gamma=15;pos_nu=29
EB_n100_001_a50_002,EB,100,0.5,2822.0,2822.0,LR_100,2871.722815991502,1.731462929312508,2.1109291999600828,100,False,False,hist_len=100
EB_n100_001_a50_002,EB,100,0.5,2822.0,2822.0,LR_200_cold,2862.62248964108,1.419065552236797,4.2309929999755695,200,False,False,hist_len=200
EB_n100_001_a50_002,EB,100,0.5,2822.0,2822.0,LR_100_plus_LR_100,2864.0991458327535,1.4698913581259045,4.174620299949311,200,False,False,base_ub=2871.722815991502;cont_ub=2864.0991458327535
EB_n100_001_a50_002,EB,100,0.5,2822.0,2822.0,cutLR_cap_warm_100,2852.244226186475,1.0603659360163622,4.261401899973862,200,False,False,base_ub=2871.722815991502;cut_ub=2852.244226186475;cap_cuts=54;incomp_cuts=0;pos_gamma=11;pos_nu=0
EB_n100_001_a50_002,EB,100,0.5,2822.0,2822.0,cutLR_pair_warm_100,2856.962728464199,1.223772649039545,4.2828814999666065,200,False,False,base_ub=2871.722815991502;cut_ub=2856.962728464199;cap_cuts=54;incomp_cuts=10;pos_gamma=8;pos_nu=1
EB_n100_001_a50_002,EB,100,0.5,2822.0,2822.0,cutLR_triple_warm_100,2857.2287186835792,1.232968101335979,4.256552299950272,200,False,False,base_ub=2871.722815991502;cut_ub=2857.2287186835792;cap_cuts=54;incomp_cuts=64;pos_gamma=8;pos_nu=5
EB_n130_016_a50_047,EB,130,0.5,4095.0,4096.0,LR_100,4105.703721063826,0.260703689087749,11.673531000036746,100,False,False,hist_len=100
EB_n130_016_a50_047,EB,130,0.5,4095.0,4096.0,LR_200_cold,4096.723759474107,0.04207653665007084,22.95586479996564,200,False,False,hist_len=200
EB_n130_016_a50_047,EB,130,0.5,4095.0,4096.0,LR_100_plus_LR_100,4096.723759474107,0.04207653665007084,22.905339500051923,200,False,False,base_ub=4105.703721063826;cont_ub=4096.723759474107
EB_n130_016_a50_047,EB,130,0.5,4095.0,4096.0,cutLR_cap_warm_100,4096.483977500998,0.036225639088256184,23.08761460002279,200,False,False,base_ub=4105.703721063826;cut_ub=4096.483977500998;cap_cuts=55;incomp_cuts=0;pos_gamma=11;pos_nu=0
EB_n130_016_a50_047,EB,130,0.5,4095.0,4096.0,cutLR_pair_warm_100,4096.483977500998,0.036225639088256184,23.116440000070725,200,False,False,base_ub=4105.703721063826;cut_ub=4096.483977500998;cap_cuts=55;incomp_cuts=1;pos_gamma=11;pos_nu=0
EB_n130_016_a50_047,EB,130,0.5,4095.0,4096.0,cutLR_triple_warm_100,4096.757458160857,0.04289876027090661,24.942629700060934,200,False,False,base_ub=4105.703721063826;cut_ub=4096.757458160857;cap_cuts=55;incomp_cuts=70;pos_gamma=9;pos_nu=1
EB_n150_030_a50_089,EB,150,0.5,4920.0,,LR_100,4961.550147390925,0.8374428587157345,5.07840810000198,100,False,False,hist_len=100
EB_n150_030_a50_089,EB,150,0.5,4920.0,,LR_200_cold,4944.7478291216485,0.5004871831056449,8.486551799986046,200,False,False,hist_len=200
EB_n150_030_a50_089,EB,150,0.5,4920.0,,LR_100_plus_LR_100,4944.7478291216485,0.5004871831056449,9.279953600023873,200,False,False,base_ub=4961.550147390925;cont_ub=4944.7478291216485
EB_n150_030_a50_089,EB,150,0.5,4920.0,,cutLR_cap_warm_100,4943.207817683734,0.4694890148197048,9.835222699970473,200,False,False,base_ub=4961.550147390925;cut_ub=4943.207817683734;cap_cuts=55;incomp_cuts=0;pos_gamma=4;pos_nu=0
EB_n150_030_a50_089,EB,150,0.5,4920.0,,cutLR_pair_warm_100,4943.207817683734,0.4694890148197048,9.308501599996816,200,False,False,base_ub=4961.550147390925;cut_ub=4943.207817683734;cap_cuts=55;incomp_cuts=1;pos_gamma=4;pos_nu=0
EB_n150_030_a50_089,EB,150,0.5,4920.0,,cutLR_triple_warm_100,4941.653096466156,0.43817516210598606,9.405604700034019,200,False,False,base_ub=4961.550147390925;cut_ub=4941.653096466156;cap_cuts=55;incomp_cuts=131;pos_gamma=3;pos_nu=1
EB_n100_001_a75_003,EB,100,0.75,3115.0,3115.0,LR_100,3115.000005040238,1.6180539919348914e-07,2.3930328999995254,100,False,False,hist_len=100
EB_n100_001_a75_003,EB,100,0.75,3115.0,3115.0,LR_200_cold,3115.000000038638,1.2403872685374013e-09,4.631107100052759,200,False,False,hist_len=200
EB_n100_001_a75_003,EB,100,0.75,3115.0,3115.0,LR_100_plus_LR_100,3115.000000038638,1.2403872685374013e-09,4.744580900005531,200,False,False,base_ub=3115.000005040238;cont_ub=3115.000000038638
EB_n100_001_a75_003,EB,100,0.75,3115.0,3115.0,cutLR_cap_warm_100,3115.0000000386385,1.240401867168248e-09,4.73111950000748,200,False,False,base_ub=3115.000005040238;cut_ub=3115.0000000386385;cap_cuts=54;incomp_cuts=0;pos_gamma=2;pos_nu=0
EB_n100_001_a75_003,EB,100,0.75,3115.0,3115.0,cutLR_pair_warm_100,3115.0000000386385,1.240401867168248e-09,4.898309999960475,200,False,False,base_ub=3115.000005040238;cut_ub=3115.0000000386385;cap_cuts=54;incomp_cuts=0;pos_gamma=2;pos_nu=0
EB_n100_001_a75_003,EB,100,0.75,3115.0,3115.0,cutLR_triple_warm_100,3115.0000000386385,1.240401867168248e-09,4.828833700041287,200,False,False,base_ub=3115.000005040238;cut_ub=3115.0000000386385;cap_cuts=54;incomp_cuts=1;pos_gamma=2;pos_nu=0
EB_n130_016_a75_048,EB,130,0.75,4329.0,4308.0,LR_100,4334.074576575069,0.11708558506344467,13.196411600045394,100,False,False,hist_len=100
EB_n130_016_a75_048,EB,130,0.75,4329.0,4308.0,LR_200_cold,4332.560879783338,0.08218879969936907,25.748145100020338,200,False,False,hist_len=200
EB_n130_016_a75_048,EB,130,0.75,4329.0,4308.0,LR_100_plus_LR_100,4332.813952898748,0.0880248480596775,25.927880900038872,200,False,False,base_ub=4334.074576575069;cont_ub=4332.813952898748
EB_n130_016_a75_048,EB,130,0.75,4329.0,4308.0,cutLR_cap_warm_100,4332.807044052231,0.08786553413350437,26.386009500012733,200,False,False,base_ub=4334.074576575069;cut_ub=4332.807044052231;cap_cuts=55;incomp_cuts=0;pos_gamma=5;pos_nu=0
EB_n130_016_a75_048,EB,130,0.75,4329.0,4308.0,cutLR_pair_warm_100,4332.807044052231,0.08786553413350437,26.74499100004323,200,False,False,base_ub=4334.074576575069;cut_ub=4332.807044052231;cap_cuts=55;incomp_cuts=0;pos_gamma=5;pos_nu=0
EB_n130_016_a75_048,EB,130,0.75,4329.0,4308.0,cutLR_triple_warm_100,4332.807044052231,0.08786553413350437,26.65840230009053,200,False,False,base_ub=4334.074576575069;cut_ub=4332.807044052231;cap_cuts=55;incomp_cuts=0;pos_gamma=5;pos_nu=0
EB_n150_030_a75_090,EB,150,0.75,5278.0,,LR_100,5282.018488652757,0.07607865556301284,5.316728700010572,100,False,False,hist_len=100
EB_n150_030_a75_090,EB,150,0.75,5278.0,,LR_200_cold,5281.577181357288,0.06772941556008841,10.479552300006617,200,False,False,hist_len=200
EB_n150_030_a75_090,EB,150,0.75,5278.0,,LR_100_plus_LR_100,5281.867609904165,0.07322428712360587,10.586666100018192,200,False,False,base_ub=5282.018488652757;cont_ub=5281.867609904165
EB_n150_030_a75_090,EB,150,0.75,5278.0,,cutLR_cap_warm_100,5281.623830609258,0.06861205427498604,10.64897599996766,200,False,False,base_ub=5282.018488652757;cut_ub=5281.623830609258;cap_cuts=55;incomp_cuts=0;pos_gamma=6;pos_nu=0
EB_n150_030_a75_090,EB,150,0.75,5278.0,,cutLR_pair_warm_100,5281.623830609258,0.06861205427498604,10.725496200029738,200,False,False,base_ub=5282.018488652757;cut_ub=5281.623830609258;cap_cuts=55;incomp_cuts=0;pos_gamma=6;pos_nu=0
EB_n150_030_a75_090,EB,150,0.75,5278.0,,cutLR_triple_warm_100,5281.623830609258,0.06861205427498604,10.66995270003099,200,False,False,base_ub=5282.018488652757;cut_ub=5281.623830609258;cap_cuts=55;incomp_cuts=0;pos_gamma=6;pos_nu=0
EC_n050_001_a25_001,EC,50,0.25,421.0,421.0,LR_100,421.493490948419,0.11708151110674497,0.1676605999819003,100,False,False,hist_len=100
EC_n050_001_a25_001,EC,50,0.25,421.0,421.0,LR_200_cold,421.0007122341919,0.00016917648146356817,0.32140789995901287,200,False,False,hist_len=200
EC_n050_001_a25_001,EC,50,0.25,421.0,421.0,LR_100_plus_LR_100,421.0011984364086,0.00028466341972967104,0.322383799997624,200,False,False,base_ub=421.493490948419;cont_ub=421.0011984364086
EC_n050_001_a25_001,EC,50,0.25,421.0,421.0,cutLR_cap_warm_100,421.00000004096904,9.731363774027938e-09,0.3368851999985054,200,False,False,base_ub=421.493490948419;cut_ub=421.00000004096904;cap_cuts=23;incomp_cuts=0;pos_gamma=3;pos_nu=0
EC_n050_001_a25_001,EC,50,0.25,421.0,421.0,cutLR_pair_warm_100,421.0000000205154,4.873020224102936e-09,0.32879909995244816,200,False,False,base_ub=421.493490948419;cut_ub=421.0000000205154;cap_cuts=23;incomp_cuts=101;pos_gamma=3;pos_nu=3
EC_n050_001_a25_001,EC,50,0.25,421.0,421.0,cutLR_triple_warm_100,421.0000000205154,4.873020224102936e-09,0.38991520000854507,200,False,False,base_ub=421.493490948419;cut_ub=421.0000000205154;cap_cuts=23;incomp_cuts=103;pos_gamma=3;pos_nu=3
EC_n065_018_a25_052,EC,65,0.25,1183.0,1183.0,LR_100,1189.898754704618,0.5797766135431135,0.7867840999970213,100,False,False,hist_len=100
EC_n065_018_a25_052,EC,65,0.25,1183.0,1183.0,LR_200_cold,1186.0735814237407,0.25913918595600655,1.27437999995891,200,False,False,hist_len=200
EC_n065_018_a25_052,EC,65,0.25,1183.0,1183.0,LR_100_plus_LR_100,1186.2622651890179,0.2750037057360201,1.2917608999996446,200,False,False,base_ub=1189.898754704618;cont_ub=1186.2622651890179
EC_n065_018_a25_052,EC,65,0.25,1183.0,1183.0,cutLR_cap_warm_100,1186.0662577650567,0.25852331140711404,1.2650957999867387,200,False,False,base_ub=1189.898754704618;cut_ub=1186.0662577650567;cap_cuts=50;incomp_cuts=0;pos_gamma=5;pos_nu=0
EC_n065_018_a25_052,EC,65,0.25,1183.0,1183.0,cutLR_pair_warm_100,1185.7950104224724,0.23570772333378157,1.3518399000167847,200,False,False,base_ub=1189.898754704618;cut_ub=1185.7950104224724;cap_cuts=50;incomp_cuts=145;pos_gamma=6;pos_nu=7
EC_n065_018_a25_052,EC,65,0.25,1183.0,1183.0,cutLR_triple_warm_100,1186.21490836213,0.27102242093458534,1.2970206000027247,200,False,False,base_ub=1189.898754704618;cut_ub=1186.21490836213;cap_cuts=50;incomp_cuts=160;pos_gamma=4;pos_nu=9
EC_n080_035_a25_103,EC,80,0.25,1585.0,,LR_100,1600.4482492844868,0.9652451612473724,1.0346334999776445,100,False,False,hist_len=100
EC_n080_035_a25_103,EC,80,0.25,1585.0,,LR_200_cold,1593.8333321881203,0.5542193157670559,1.9211378999752924,200,False,False,hist_len=200
EC_n080_035_a25_103,EC,80,0.25,1585.0,,LR_100_plus_LR_100,1593.8333321881203,0.5542193157670559,1.9801160999923013,200,False,False,base_ub=1600.4482492844868;cont_ub=1593.8333321881203
EC_n080_035_a25_103,EC,80,0.25,1585.0,,cutLR_cap_warm_100,1592.7783507340262,0.48835110864242587,1.9963473999523558,200,False,False,base_ub=1600.4482492844868;cut_ub=1592.7783507340262;cap_cuts=54;incomp_cuts=0;pos_gamma=12;pos_nu=0
EC_n080_035_a25_103,EC,80,0.25,1585.0,,cutLR_pair_warm_100,1593.931220195385,0.5603265738336125,2.0037397000123747,200,False,False,base_ub=1600.4482492844868;cut_ub=1593.931220195385;cap_cuts=54;incomp_cuts=204;pos_gamma=12;pos_nu=13
EC_n080_035_a25_103,EC,80,0.25,1585.0,,cutLR_triple_warm_100,1592.8294813129226,0.49154547958698885,1.961642199952621,200,False,False,base_ub=1600.4482492844868;cut_ub=1592.8294813129226;cap_cuts=54;incomp_cuts=241;pos_gamma=14;pos_nu=11
EC_n050_001_a50_002,EC,50,0.5,1103.0,1103.0,LR_100,1133.5768398000523,2.697376898194714,0.16542209999170154,100,False,False,hist_len=100
EC_n050_001_a50_002,EC,50,0.5,1103.0,1103.0,LR_200_cold,1107.5396589443264,0.4098868070018833,0.3662779000005685,200,False,False,hist_len=200
EC_n050_001_a50_002,EC,50,0.5,1103.0,1103.0,LR_100_plus_LR_100,1108.0166861575287,0.452762690327888,0.3380036000162363,200,False,False,base_ub=1133.5768398000523;cont_ub=1108.0166861575287
EC_n050_001_a50_002,EC,50,0.5,1103.0,1103.0,cutLR_cap_warm_100,1106.3997122210624,0.30727703410529256,0.34812620002776384,200,False,False,base_ub=1133.5768398000523;cut_ub=1106.3997122210624;cap_cuts=51;incomp_cuts=0;pos_gamma=5;pos_nu=0
EC_n050_001_a50_002,EC,50,0.5,1103.0,1103.0,cutLR_pair_warm_100,1106.6333803717812,0.32832737889765506,0.3360938000259921,200,False,False,base_ub=1133.5768398000523;cut_ub=1106.6333803717812;cap_cuts=51;incomp_cuts=36;pos_gamma=5;pos_nu=8
EC_n050_001_a50_002,EC,50,0.5,1103.0,1103.0,cutLR_triple_warm_100,1104.7673715137046,0.15997680229123698,0.3666854999610223,200,False,False,base_ub=1133.5768398000523;cut_ub=1104.7673715137046;cap_cuts=51;incomp_cuts=56;pos_gamma=4;pos_nu=9
EC_n065_018_a50_053,EC,65,0.5,1883.0,1883.0,LR_100,1918.8368732190602,1.8676352179401203,0.769456900015939,100,False,False,hist_len=100
EC_n065_018_a50_053,EC,65,0.5,1883.0,1883.0,LR_200_cold,1894.6470250581217,0.6147332407610017,1.6644219000008889,200,False,False,hist_len=200
EC_n065_018_a50_053,EC,65,0.5,1883.0,1883.0,LR_100_plus_LR_100,1895.7139260539805,0.6706669123038572,1.679295300040394,200,False,False,base_ub=1918.8368732190602;cont_ub=1895.7139260539805
EC_n065_018_a50_053,EC,65,0.5,1883.0,1883.0,cutLR_cap_warm_100,1894.496193920565,0.6068206395693106,1.6452935000415891,200,False,False,base_ub=1918.8368732190602;cut_ub=1894.496193920565;cap_cuts=51;incomp_cuts=0;pos_gamma=5;pos_nu=0
EC_n065_018_a50_053,EC,65,0.5,1883.0,1883.0,cutLR_pair_warm_100,1894.496193920565,0.6068206395693106,1.676462100003846,200,False,False,base_ub=1918.8368732190602;cut_ub=1894.496193920565;cap_cuts=51;incomp_cuts=0;pos_gamma=5;pos_nu=0
EC_n065_018_a50_053,EC,65,0.5,1883.0,1883.0,cutLR_triple_warm_100,1890.4322125202184,0.3931488508815764,1.695156899979338,200,False,False,base_ub=1918.8368732190602;cut_ub=1890.4322125202184;cap_cuts=51;incomp_cuts=61;pos_gamma=5;pos_nu=2
EC_n080_035_a50_104,EC,80,0.5,2667.0,,LR_100,2731.9958970984835,2.379062763875759,1.2007689000456594,100,False,False,hist_len=100
EC_n080_035_a50_104,EC,80,0.5,2667.0,,LR_200_cold,2695.2873527903926,1.0495115766082257,2.6110256999963894,200,False,False,hist_len=200
EC_n080_035_a50_104,EC,80,0.5,2667.0,,LR_100_plus_LR_100,2696.070803543102,1.0782655820795972,2.367239800048992,200,False,False,base_ub=2731.9958970984835;cont_ub=2696.070803543102
EC_n080_035_a50_104,EC,80,0.5,2667.0,,cutLR_cap_warm_100,2694.208083875449,1.00987314373699,2.302261700038798,200,False,False,base_ub=2731.9958970984835;cut_ub=2694.208083875449;cap_cuts=55;incomp_cuts=0;pos_gamma=7;pos_nu=0
EC_n080_035_a50_104,EC,80,0.5,2667.0,,cutLR_pair_warm_100,2694.208083875449,1.00987314373699,2.320322500076145,200,False,False,base_ub=2731.9958970984835;cut_ub=2694.208083875449;cap_cuts=55;incomp_cuts=1;pos_gamma=7;pos_nu=0
EC_n080_035_a50_104,EC,80,0.5,2667.0,,cutLR_triple_warm_100,2684.4018890835187,0.6482594560183322,2.4846015000366606,200,False,False,base_ub=2731.9958970984835;cut_ub=2684.4018890835187;cap_cuts=55;incomp_cuts=74;pos_gamma=12;pos_nu=5
EC_n050_001_a75_003,EC,50,0.75,1444.0,1444.0,LR_100,1444.9931410737022,0.0687298123065302,0.25332790001994,100,False,False,hist_len=100
EC_n050_001_a75_003,EC,50,0.75,1444.0,1444.0,LR_200_cold,1444.0890123342906,0.006163909117119955,0.367160200024955,200,False,False,hist_len=200
EC_n050_001_a75_003,EC,50,0.75,1444.0,1444.0,LR_100_plus_LR_100,1444.118328149568,0.008193798753294373,0.440671399992425,200,False,False,base_ub=1444.9931410737022;cont_ub=1444.118328149568
EC_n050_001_a75_003,EC,50,0.75,1444.0,1444.0,cutLR_cap_warm_100,1444.0918117033862,0.006357746968861995,0.49859730002935976,200,False,False,base_ub=1444.9931410737022;cut_ub=1444.0918117033862;cap_cuts=54;incomp_cuts=0;pos_gamma=2;pos_nu=0
EC_n050_001_a75_003,EC,50,0.75,1444.0,1444.0,cutLR_pair_warm_100,1444.0918117033862,0.006357746968861995,0.48208919999888167,200,False,False,base_ub=1444.9931410737022;cut_ub=1444.0918117033862;cap_cuts=54;incomp_cuts=2;pos_gamma=2;pos_nu=0
EC_n050_001_a75_003,EC,50,0.75,1444.0,1444.0,cutLR_triple_warm_100,1444.0918117033862,0.006357746968861995,0.4491017000400461,200,False,False,base_ub=1444.9931410737022;cut_ub=1444.0918117033862;cap_cuts=54;incomp_cuts=12;pos_gamma=2;pos_nu=0
EC_n065_018_a75_054,EC,65,0.75,2146.0,2146.0,LR_100,2146.000000020001,9.320201646716187e-10,0.8170736000174657,100,False,False,hist_len=100
EC_n065_018_a75_054,EC,65,0.75,2146.0,2146.0,LR_200_cold,2146.000000020001,9.320201646716187e-10,1.7321111000492238,200,False,False,hist_len=200
EC_n065_018_a75_054,EC,65,0.75,2146.0,2146.0,LR_100_plus_LR_100,2146.000000020001,9.320201646716187e-10,1.6566987000405788,200,False,False,base_ub=2146.000000020001;cont_ub=2146.000000020001
EC_n065_018_a75_054,EC,65,0.75,2146.0,2146.0,cutLR_cap_warm_100,2146.000000020001,9.320201646716187e-10,1.6974111999734305,200,False,False,base_ub=2146.000000020001;cut_ub=2146.000000020001;cap_cuts=51;incomp_cuts=0;pos_gamma=0;pos_nu=0
EC_n065_018_a75_054,EC,65,0.75,2146.0,2146.0,cutLR_pair_warm_100,2146.000000020001,9.320201646716187e-10,1.6831987000186928,200,False,False,base_ub=2146.000000020001;cut_ub=2146.000000020001;cap_cuts=51;incomp_cuts=0;pos_gamma=0;pos_nu=0
EC_n065_018_a75_054,EC,65,0.75,2146.0,2146.0,cutLR_triple_warm_100,2146.000000020001,9.320201646716187e-10,1.6967178000486456,200,False,False,base_ub=2146.000000020001;cut_ub=2146.000000020001;cap_cuts=51;incomp_cuts=0;pos_gamma=0;pos_nu=0
EC_n080_035_a75_105,EC,80,0.75,2932.0,,LR_100,2932.1305584088864,0.004452680611780797,1.3561412999988534,100,False,False,hist_len=100
EC_n080_035_a75_105,EC,80,0.75,2932.0,,LR_200_cold,2932.011504556933,0.0003923776190815503,2.602211499994155,200,False,False,hist_len=200
EC_n080_035_a75_105,EC,80,0.75,2932.0,,LR_100_plus_LR_100,2932.013454273548,0.00045887489119693695,2.491958099999465,200,False,False,base_ub=2932.1305584088864;cont_ub=2932.013454273548
EC_n080_035_a75_105,EC,80,0.75,2932.0,,cutLR_cap_warm_100,2932.012045954136,0.0004108425868321648,2.5722171999514103,200,False,False,base_ub=2932.1305584088864;cut_ub=2932.012045954136;cap_cuts=55;incomp_cuts=0;pos_gamma=3;pos_nu=0
EC_n080_035_a75_105,EC,80,0.75,2932.0,,cutLR_pair_warm_100,2932.012045954136,0.0004108425868321648,2.5536428000195883,200,False,False,base_ub=2932.1305584088864;cut_ub=2932.012045954136;cap_cuts=55;incomp_cuts=0;pos_gamma=3;pos_nu=0
EC_n080_035_a75_105,EC,80,0.75,2932.0,,cutLR_triple_warm_100,2932.012045954136,0.0004108425868321648,2.6018165000132285,200,False,False,base_ub=2932.1305584088864;cut_ub=2932.012045954136;cap_cuts=55;incomp_cuts=0;pos_gamma=3;pos_nu=0
ED_n040_001_a25_001,ED,40,0.25,412.0,412.0,LR_100,411.9999999999999,0.0,0.12393090000841767,71,False,False,hist_len=71
ED_n040_001_a25_001,ED,40,0.25,412.0,412.0,LR_200_cold,411.9999999999999,0.0,0.11353390000294894,71,False,False,hist_len=71
ED_n040_001_a25_001,ED,40,0.25,412.0,412.0,LR_100_plus_LR_100,411.9999999999999,0.0,0.12551039998652413,72,False,False,base_ub=411.9999999999999;cont_ub=411.9999999999999
ED_n040_001_a25_001,ED,40,0.25,412.0,412.0,cutLR_cap_warm_100,411.9999999999999,0.0,0.12736230000155047,72,False,False,base_ub=411.9999999999999;cut_ub=411.9999999999999;cap_cuts=30;incomp_cuts=0;pos_gamma=0;pos_nu=0
ED_n040_001_a25_001,ED,40,0.25,412.0,412.0,cutLR_pair_warm_100,411.9999999999999,0.0,0.12807290005730465,72,False,False,base_ub=411.9999999999999;cut_ub=411.9999999999999;cap_cuts=30;incomp_cuts=96;pos_gamma=0;pos_nu=0
ED_n040_001_a25_001,ED,40,0.25,412.0,412.0,cutLR_triple_warm_100,411.9999999999999,0.0,0.12821990001248196,72,False,False,base_ub=411.9999999999999;cut_ub=411.9999999999999;cap_cuts=30;incomp_cuts=99;pos_gamma=0;pos_nu=0
ED_n060_023_a25_067,ED,60,0.25,1050.0,1050.0,LR_100,1050.9999999999998,0.0951474785917957,0.3262871999759227,30,False,False,hist_len=30
ED_n060_023_a25_067,ED,60,0.25,1050.0,1050.0,LR_200_cold,1050.9999999999998,0.0951474785917957,0.33577750000404194,30,False,False,hist_len=30
ED_n060_023_a25_067,ED,60,0.25,1050.0,1050.0,LR_100_plus_LR_100,1050.9999999999998,0.0951474785917957,0.33515060000354424,31,False,False,base_ub=1050.9999999999998;cont_ub=1050.9999999999998
ED_n060_023_a25_067,ED,60,0.25,1050.0,1050.0,cutLR_cap_warm_100,1050.9999999999998,0.0951474785917957,0.3474069999647327,31,False,False,base_ub=1050.9999999999998;cut_ub=1050.9999999999998;cap_cuts=51;incomp_cuts=0;pos_gamma=0;pos_nu=0
ED_n060_023_a25_067,ED,60,0.25,1050.0,1050.0,cutLR_pair_warm_100,1050.9999999999998,0.0951474785917957,0.3485732999397442,31,False,False,base_ub=1050.9999999999998;cut_ub=1050.9999999999998;cap_cuts=51;incomp_cuts=167;pos_gamma=0;pos_nu=0
ED_n060_023_a25_067,ED,60,0.25,1050.0,1050.0,cutLR_triple_warm_100,1050.9999999999998,0.0951474785917957,0.3508169999695383,31,False,False,base_ub=1050.9999999999998;cut_ub=1050.9999999999998;cap_cuts=51;incomp_cuts=188;pos_gamma=0;pos_nu=0
ED_n080_045_a25_133,ED,80,0.25,1681.0,,LR_100,1735.6270479852549,3.147395521904713,9.053533800004516,100,False,False,hist_len=100
ED_n080_045_a25_133,ED,80,0.25,1681.0,,LR_200_cold,1710.7547747802992,1.7392776112006096,18.303835699975025,200,False,False,hist_len=200
ED_n080_045_a25_133,ED,80,0.25,1681.0,,LR_100_plus_LR_100,1710.7547747802992,1.7392776112006096,18.780909800028894,200,False,False,base_ub=1735.6270479852549;cont_ub=1710.7547747802992
ED_n080_045_a25_133,ED,80,0.25,1681.0,,cutLR_cap_warm_100,1706.6020761904813,1.500178427511987,18.743647499999497,200,False,False,base_ub=1735.6270479852549;cut_ub=1706.6020761904813;cap_cuts=55;incomp_cuts=0;pos_gamma=18;pos_nu=0
ED_n080_045_a25_133,ED,80,0.25,1681.0,,cutLR_pair_warm_100,1706.7781279879569,1.5103385475384263,18.25902729999507,200,False,False,base_ub=1735.6270479852549;cut_ub=1706.7781279879569;cap_cuts=55;incomp_cuts=182;pos_gamma=14;pos_nu=9
ED_n080_045_a25_133,ED,80,0.25,1681.0,,cutLR_triple_warm_100,1706.615208140854,1.5009363574556833,18.263079399999697,200,False,False,base_ub=1735.6270479852549;cut_ub=1706.615208140854;cap_cuts=55;incomp_cuts=325;pos_gamma=15;pos_nu=14
ED_n040_001_a50_002,ED,40,0.5,948.0,948.0,LR_100,958.5454698078491,1.1001533197964097,0.15168640000047162,100,False,False,hist_len=100
ED_n040_001_a50_002,ED,40,0.5,948.0,948.0,LR_200_cold,948.4675450022664,0.04929478132700011,0.3058646999998018,200,False,False,hist_len=200
ED_n040_001_a50_002,ED,40,0.5,948.0,948.0,LR_100_plus_LR_100,948.5259830459016,0.05545267660592614,0.3277389000286348,200,False,False,base_ub=958.5454698078491;cont_ub=948.5259830459016
ED_n040_001_a50_002,ED,40,0.5,948.0,948.0,cutLR_cap_warm_100,948.288395122499,0.030412174606619973,0.3332496000220999,200,False,False,base_ub=958.5454698078491;cut_ub=948.288395122499;cap_cuts=51;incomp_cuts=0;pos_gamma=6;pos_nu=0
ED_n040_001_a50_002,ED,40,0.5,948.0,948.0,cutLR_pair_warm_100,948.3622049473174,0.038192680542087167,0.322466199984774,200,False,False,base_ub=958.5454698078491;cut_ub=948.3622049473174;cap_cuts=51;incomp_cuts=31;pos_gamma=9;pos_nu=7
ED_n040_001_a50_002,ED,40,0.5,948.0,948.0,cutLR_triple_warm_100,948.35077565881,0.036987965614971245,0.32858329999726266,200,False,False,base_ub=958.5454698078491;cut_ub=948.35077565881;cap_cuts=51;incomp_cuts=50;pos_gamma=9;pos_nu=6
ED_n060_023_a50_068,ED,60,0.5,1736.0,1736.0,LR_100,1752.2253142422794,0.9259833259112442,0.6646087000262924,100,False,False,hist_len=100
ED_n060_023_a50_068,ED,60,0.5,1736.0,1736.0,LR_200_cold,1739.9210582524156,0.22535839967095594,1.3596538999699987,200,False,False,hist_len=200
ED_n060_023_a50_068,ED,60,0.5,1736.0,1736.0,LR_100_plus_LR_100,1739.9210582524156,0.22535839967095594,1.3786793000763282,200,False,False,base_ub=1752.2253142422794;cont_ub=1739.9210582524156
ED_n060_023_a50_068,ED,60,0.5,1736.0,1736.0,cutLR_cap_warm_100,1739.7013391497533,0.2127571593157609,1.4154043000307865,200,False,False,base_ub=1752.2253142422794;cut_ub=1739.7013391497533;cap_cuts=54;incomp_cuts=0;pos_gamma=7;pos_nu=0
ED_n060_023_a50_068,ED,60,0.5,1736.0,1736.0,cutLR_pair_warm_100,1739.7570921221854,0.21595498240518596,1.4738820000202395,200,False,False,base_ub=1752.2253142422794;cut_ub=1739.7570921221854;cap_cuts=54;incomp_cuts=5;pos_gamma=7;pos_nu=0
ED_n060_023_a50_068,ED,60,0.5,1736.0,1736.0,cutLR_triple_warm_100,1739.7409059223612,0.21502661169985454,1.4457455000374466,200,False,False,base_ub=1752.2253142422794;cut_ub=1739.7409059223612;cap_cuts=54;incomp_cuts=101;pos_gamma=7;pos_nu=2
ED_n080_045_a50_134,ED,80,0.5,2666.0,,LR_100,2703.567205684953,1.389542142912453,5.84798810002394,100,False,False,hist_len=100
ED_n080_045_a50_134,ED,80,0.5,2666.0,,LR_200_cold,2684.488154726062,0.6887031590552367,12.560831899987534,200,False,False,hist_len=200
ED_n080_045_a50_134,ED,80,0.5,2666.0,,LR_100_plus_LR_100,2685.3111992661834,0.7191419479224821,12.313854700070806,200,False,False,base_ub=2703.567205684953;cont_ub=2685.3111992661834
ED_n080_045_a50_134,ED,80,0.5,2666.0,,cutLR_cap_warm_100,2683.313519493826,0.645229093359611,13.454425000003539,200,False,False,base_ub=2703.567205684953;cut_ub=2683.313519493826;cap_cuts=55;incomp_cuts=0;pos_gamma=7;pos_nu=0
ED_n080_045_a50_134,ED,80,0.5,2666.0,,cutLR_pair_warm_100,2683.313519493826,0.645229093359611,12.783567500009667,200,False,False,base_ub=2703.567205684953;cut_ub=2683.313519493826;cap_cuts=55;incomp_cuts=0;pos_gamma=7;pos_nu=0
ED_n080_045_a50_134,ED,80,0.5,2666.0,,cutLR_triple_warm_100,2682.4785605482034,0.614303532209248,12.664025900012348,200,False,False,base_ub=2703.567205684953;cut_ub=2682.4785605482034;cap_cuts=55;incomp_cuts=8;pos_gamma=8;pos_nu=1
ED_n040_001_a75_003,ED,40,0.75,1201.0,1201.0,LR_100,1201.0000092584476,7.708948785191616e-07,0.20609789999434724,100,False,False,hist_len=100
ED_n040_001_a75_003,ED,40,0.75,1201.0,1201.0,LR_200_cold,1201.0000000315365,2.6258535728120517e-09,0.3987444000085816,200,False,False,hist_len=200
ED_n040_001_a75_003,ED,40,0.75,1201.0,1201.0,LR_100_plus_LR_100,1201.0000000315365,2.6258535728120517e-09,0.3954801000072621,200,False,False,base_ub=1201.0000092584476;cont_ub=1201.0000000315365
ED_n040_001_a75_003,ED,40,0.75,1201.0,1201.0,cutLR_cap_warm_100,1201.0000000257294,2.142329536963321e-09,0.419403699983377,200,False,False,base_ub=1201.0000092584476;cut_ub=1201.0000000257294;cap_cuts=51;incomp_cuts=0;pos_gamma=1;pos_nu=0
ED_n040_001_a75_003,ED,40,0.75,1201.0,1201.0,cutLR_pair_warm_100,1201.0000000257294,2.142329536963321e-09,0.4171430999995209,200,False,False,base_ub=1201.0000092584476;cut_ub=1201.0000000257294;cap_cuts=51;incomp_cuts=0;pos_gamma=1;pos_nu=0
ED_n040_001_a75_003,ED,40,0.75,1201.0,1201.0,cutLR_triple_warm_100,1201.0000000266623,2.2200076543907054e-09,0.41780289995949715,200,False,False,base_ub=1201.0000092584476;cut_ub=1201.0000000266623;cap_cuts=51;incomp_cuts=10;pos_gamma=1;pos_nu=1
ED_n060_023_a75_069,ED,60,0.75,2002.0,2002.0,LR_100,2002.4140776533775,0.020678922406635592,0.8095509000122547,100,False,False,hist_len=100
ED_n060_023_a75_069,ED,60,0.75,2002.0,2002.0,LR_200_cold,2002.0002668134987,1.3327345810401954e-05,1.724252299987711,200,False,False,hist_len=200
ED_n060_023_a75_069,ED,60,0.75,2002.0,2002.0,LR_100_plus_LR_100,2002.000282218348,1.409681859459178e-05,1.6943106999970041,200,False,False,base_ub=2002.4140776533775;cont_ub=2002.000282218348
ED_n060_023_a75_069,ED,60,0.75,2002.0,2002.0,cutLR_cap_warm_100,2002.000528531658,2.6400175742194348e-05,1.8150723000289872,200,False,False,base_ub=2002.4140776533775;cut_ub=2002.000528531658;cap_cuts=54;incomp_cuts=0;pos_gamma=1;pos_nu=0
ED_n060_023_a75_069,ED,60,0.75,2002.0,2002.0,cutLR_pair_warm_100,2002.000528531658,2.6400175742194348e-05,1.7506026000482962,200,False,False,base_ub=2002.4140776533775;cut_ub=2002.000528531658;cap_cuts=54;incomp_cuts=0;pos_gamma=1;pos_nu=0
ED_n060_023_a75_069,ED,60,0.75,2002.0,2002.0,cutLR_triple_warm_100,2002.000528531658,2.6400175742194348e-05,1.7228101000073366,200,False,False,base_ub=2002.4140776533775;cut_ub=2002.000528531658;cap_cuts=54;incomp_cuts=0;pos_gamma=1;pos_nu=0
ED_n080_045_a75_135,ED,80,0.75,2933.0,,LR_100,2943.5316564002387,0.3577898127013282,7.436401500017382,100,False,False,hist_len=100
ED_n080_045_a75_135,ED,80,0.75,2933.0,,LR_200_cold,2943.3604931712734,0.3519953874257078,16.998906399996486,200,False,False,hist_len=200
ED_n080_045_a75_135,ED,80,0.75,2933.0,,LR_100_plus_LR_100,2943.224771617984,0.3474002976797175,14.913140400021803,200,False,False,base_ub=2943.5316564002387;cont_ub=2943.224771617984
ED_n080_045_a75_135,ED,80,0.75,2933.0,,cutLR_cap_warm_100,2942.7690872489766,0.3319692085697803,16.547882199985906,200,False,False,base_ub=2943.5316564002387;cut_ub=2942.7690872489766;cap_cuts=55;incomp_cuts=0;pos_gamma=1;pos_nu=0
ED_n080_045_a75_135,ED,80,0.75,2933.0,,cutLR_pair_warm_100,2942.7690872489766,0.3319692085697803,16.52132110000821,200,False,False,base_ub=2943.5316564002387;cut_ub=2942.7690872489766;cap_cuts=55;incomp_cuts=0;pos_gamma=1;pos_nu=0
ED_n080_045_a75_135,ED,80,0.75,2933.0,,cutLR_triple_warm_100,2942.7690872489766,0.3319692085697803,16.857469200040214,200,False,False,base_ub=2943.5316564002387;cut_ub=2942.7690872489766;cap_cuts=55;incomp_cuts=0;pos_gamma=1;pos_nu=0
