instance,family,n,alpha,group_id,bks,master_obj,master_rt_s,master_cert_gap_pct,master_status,beta_obj,beta_ub,beta_gap_pct,beta_ec_gain,beta_phases,beta_stop_reason,beta_total_rt_s,beta_raw_ub,beta_bound_mode,beta_cut_positive_gamma,beta_cut_positive_nu,beta_num_ub_refreshes,beta_num_lag_iters,beta_no_refresh,beta_vs_master,beta_vs_bks,beta_status
EB_n150_030_a50_089,EB,150,0.5,030,,4920.0,1507.6,0.2433,,4909.0,4936,0.5470,0,3,TIERS_EXHAUSTED,376.6,4936.7515,cutlag_triple,9,5,2,300,0,-11.0,,NA
ED_n080_045_a25_133,ED,80,0.25,045,,1681.0,1511.9,0.3557,,1680.0,1696,0.9434,0,3,TIERS_EXHAUSTED,437.6,1696.3077,cutlag_triple,25,30,2,239,0,-1.0,,NA
ED_n080_045_a75_135,ED,80,0.75,045,,2933.0,1252.2,0.3059,,2924.0,2943,0.6456,0,3,TIERS_EXHAUSTED,561.5,2943.5968,cutlag_triple,5,0,0,229,0,-9.0,,NA
EC_n080_035_a50_104,EC,80,0.5,035,,2667.0,1206.0,0.4108,,2665.0,2680,0.5597,0,3,TIERS_EXHAUSTED,323.0,2680.6011,cutlag_triple,15,6,2,300,0,-2.0,,NA
D_n080_045_a25_133,D,80,0.25,045,,1910.0,1218.2,0.6760,,1883.0,1947,3.2871,0,3,TIERS_EXHAUSTED,469.3,1947.6429,cutlag_triple,18,16,1,183,0,-27.0,,NA
EB_n130_016_a25_046,EB,130,0.25,016,2237.0,2237.0,1203.5,0.2230,,2237.0,2268,1.3668,0,3,TIERS_EXHAUSTED,373.7,2275.3344,cutlag_triple,16,25,0,131,0,0.0,0.0,TIE
EC_n065_018_a50_053,EC,65,0.5,018,1883.0,1883.0,1202.1,0.2648,,1883.0,1889,0.3176,0,3,TIERS_EXHAUSTED,291.4,1889.3459,cutlag_triple,9,8,2,300,0,0.0,0.0,TIE
B_n130_016_a25_046,B,130,0.25,016,2744.0,2744.0,903.6,1.9650,,2744.0,2813,2.4529,0,3,TIERS_EXHAUSTED,375.4,2813.5594,cutlag_triple,20,33,1,221,0,0.0,0.0,TIE
EB_n100_001_a50_002,EB,100,0.5,001,2822.0,2822.0,901.6,0.0708,,2822.0,2845,0.8084,0,3,TIERS_EXHAUSTED,303.9,2845.2167,cutlag_triple,15,11,2,300,0,0.0,0.0,TIE
D_n080_045_a50_134,D,80,0.5,045,,2749.0,941.5,0.7939,,2741.0,2791,1.7915,0,3,TIERS_EXHAUSTED,589.0,2791.2409,cutlag_triple,7,0,2,273,0,-8.0,,NA
D_n060_023_a50_068,D,60,0.5,023,1767.0,1767.0,607.2,0.2259,,1759.0,1770,0.6215,0,3,TIERS_EXHAUSTED,328.2,1770.6264,cutlag_triple,13,8,3,300,0,-8.0,-8.0,GAP
ED_n080_045_a50_134,ED,80,0.5,045,,2666.0,629.6,0.2992,,2665.0,2676,0.4111,0,3,TIERS_EXHAUSTED,618.5,2676.3500,cutlag_triple,9,1,1,300,0,-1.0,,NA
EC_n080_035_a75_105,EC,80,0.75,035,,2932.0,606.7,0.0000,,2924.0,2932,0.2729,0,5,TIERS_EXHAUSTED,502.5,2932.8988,cutlag_triple,3,0,0,400,0,-8.0,,NA
B_n130_016_a50_047,B,130,0.5,016,4157.0,4156.0,606.1,0.1681,,4156.0,4184,0.6692,0,3,TIERS_EXHAUSTED,383.3,4186.7332,cutlag_triple,7,0,0,219,0,0.0,-1.0,GAP
C_n080_035_a50_104,C,80,0.5,035,,2778.0,605.8,0.1438,,2778.0,2779,0.0360,0,4,GAP<0.3%,416.3,2779.9938,cutlag_triple,9,11,2,300,0,0.0,,NA
ED_n060_023_a50_068,ED,60,0.5,023,1736.0,1736.0,603.8,0.1725,,1727.0,1739,0.6901,0,3,TIERS_EXHAUSTED,316.0,1739.5453,cutlag_triple,9,12,0,300,0,-9.0,-9.0,GAP
B_n150_030_a50_089,B,150,0.5,030,,4973.0,605.9,0.1406,,4965.0,4977,0.2411,0,6,TIERS_EXHAUSTED,672.5,4977.2926,cutlag_triple,12,3,3,500,0,-8.0,,NA
C_n065_018_a50_053,C,65,0.5,018,1905.0,1905.0,601.8,0.1572,,1905.0,1906,0.0525,0,3,GAP<0.3%,292.7,1906.3259,cutlag_triple,7,5,2,300,0,0.0,0.0,TIE
ED_n040_001_a50_002,ED,40,0.5,001,948.0,948.0,600.5,0.0000,,948.0,948,0.0000,0,1,UB,3.4,948.0000,cutlag_triple,0,0,0,0,0,0.0,0.0,TIE
B_n150_030_a25_088,B,150,0.25,030,,3550.0,602.4,0.0844,,3550.0,3551,0.0282,0,4,GAP<0.3%,413.0,3551.0319,cutlag_triple,17,31,1,300,0,0.0,,NA
D_n060_023_a25_067,D,60,0.25,023,1263.0,1263.0,601.0,0.1581,,1263.0,1265,0.1581,0,3,TIERS_EXHAUSTED,287.0,1265.6944,cutlag_triple,20,25,2,300,0,0.0,0.0,TIE
EC_n065_018_a25_052,EC,65,0.25,018,1183.0,1183.0,600.2,0.2530,,1183.0,1184,0.0845,0,3,GAP<0.3%,278.7,1184.5437,cutlag_triple,15,27,1,300,0,0.0,0.0,TIE
D_n060_023_a75_069,D,60,0.75,023,2004.0,2015.0,314.5,0.1487,,2014.0,2016,0.0992,0,1,GAP<0.3%,159.1,2016.3519,cutlag_triple,6,0,0,100,0,-1.0,10.0,BEAT
B_n130_016_a75_048,B,130,0.75,016,4216.0,4333.0,304.8,0.0231,,4333.0,4334,0.0231,1,1,GAP<0.3%,117.8,4334.0000,cutlag_triple,0,0,0,0,0,0.0,117.0,BEAT
EB_n130_016_a50_047,EB,130,0.5,016,4096.0,4095.0,304.5,0.0244,,4094.0,4096,0.0488,0,1,GAP<0.3%,140.7,4121.5845,cutlag_triple,8,8,0,71,0,-1.0,-2.0,GAP
B_n150_030_a75_090,B,150,0.75,030,,5281.0,304.0,0.0946,,5281.0,5282,0.0189,0,1,GAP<0.3%,132.7,5282.3502,cutlag_triple,10,0,0,100,0,0.0,,NA
D_n080_045_a75_135,D,80,0.75,045,,2952.0,327.8,0.1353,,2933.0,2952,0.6436,0,3,TIERS_EXHAUSTED,552.6,2953.0000,cutlag_triple,4,0,1,201,0,-19.0,,NA
EB_n150_030_a75_090,EB,150,0.75,030,,5278.0,303.9,0.1325,,5277.0,5281,0.0757,0,1,GAP<0.3%,142.5,5281.7437,cutlag_triple,11,0,0,100,0,-1.0,,NA
EB_n130_016_a75_048,EB,130,0.75,016,4308.0,4329.0,302.2,0.2305,,4328.0,4332,0.0923,0,1,GAP<0.3%,138.7,4334.9741,cutlag_triple,6,0,0,56,0,-1.0,20.0,BEAT
C_n080_035_a75_105,C,80,0.75,035,,2934.0,301.9,0.0000,,2934.0,2934,0.0000,0,1,UB,22.6,2934.0000,cutlag_triple,0,0,0,0,0,0.0,,NA
B_n100_001_a50_002,B,100,0.5,001,3025.0,3025.0,301.2,0.0330,,3025.0,3026,0.0330,0,1,GAP<0.3%,106.8,3027.1154,cutlag_triple,12,9,0,100,0,0.0,0.0,TIE
C_n050_001_a75_003,C,50,0.75,001,1445.0,1445.0,300.7,0.0000,,1445.0,1445,0.0000,0,1,UB,8.4,1445.0000,cutlag_triple,0,0,0,0,0,0.0,0.0,TIE
B_n100_001_a25_001,B,100,0.25,001,2142.0,2142.0,300.6,0.0933,,2142.0,2144,0.0933,0,1,GAP<0.3%,104.8,2156.7775,cutlag_triple,15,25,0,100,0,0.0,0.0,TIE
D_n040_001_a50_002,D,40,0.5,001,970.0,970.0,300.6,0.0000,,970.0,970,0.0000,0,1,UB,6.4,970.0000,cutlag_triple,0,0,0,0,0,0.0,0.0,TIE
EC_n050_001_a75_003,EC,50,0.75,001,1444.0,1444.0,300.5,0.0692,,1444.0,1444,0.0000,0,1,UB,2.3,1444.0000,cutlag_triple,0,0,0,0,0,0.0,0.0,TIE
C_n080_035_a25_103,C,80,0.25,035,,1897.0,301.6,0.2629,,1801.0,1902,5.3102,0,3,TIERS_EXHAUSTED,293.3,1910.4883,cutlag_triple,14,18,0,300,0,-96.0,,NA
EB_n150_030_a25_088,EB,150,0.25,030,,2970.0,300.8,0.0337,,2969.0,2977,0.2687,0,3,TIERS_EXHAUSTED,328.8,2977.1687,cutlag_triple,18,42,1,300,0,-1.0,,NA
ED_n060_023_a25_067,ED,60,0.25,023,1050.0,1050.0,300.1,0.0951,,1050.0,1050,0.0000,0,1,UB,0.5,1050.0000,cutlag_triple,0,0,0,0,0,0.0,0.0,TIE
C_n050_001_a25_001,C,50,0.25,001,735.0,735.0,299.9,0.0000,,735.0,735,0.0000,0,1,UB,0.2,735.0000,cutlag_triple,0,0,0,0,0,0.0,0.0,TIE
ED_n060_023_a75_069,ED,60,0.75,023,2002.0,2002.0,66.2,0.0000,,2002.0,2002,0.0000,0,1,UB,64.5,2002.0000,cutlag_triple,0,0,0,0,0,0.0,0.0,TIE
C_n065_018_a75_054,C,65,0.75,018,2146.0,2146.0,2.2,0.0000,,2146.0,2146,0.0000,0,1,UB,15.4,2146.0000,cutlag_triple,0,0,0,0,0,0.0,0.0,TIE
EC_n065_018_a75_054,EC,65,0.75,018,2146.0,2146.0,2.2,0.0000,,2146.0,2146,0.0000,0,1,UB,15.5,2146.0000,cutlag_triple,0,0,0,0,0,0.0,0.0,TIE
ED_n040_001_a75_003,ED,40,0.75,001,1201.0,1201.0,1.5,0.0000,,1201.0,1201,0.0000,0,1,UB,8.9,1201.0000,cutlag_triple,0,0,0,0,0,0.0,0.0,TIE
D_n040_001_a75_003,D,40,0.75,001,1203.0,1203.0,1.1,0.0000,,1203.0,1202,-0.0832,0,1,UB,10.0,1202.0000,cutlag_triple,0,0,0,0,0,0.0,0.0,TIE
EC_n080_035_a25_103,EC,80,0.25,035,,1585.0,300.5,0.2517,,1585.0,1592,0.4397,0,3,TIERS_EXHAUSTED,285.7,1592.0066,cutlag_triple,21,21,1,300,0,0.0,,NA
B_n100_001_a75_003,B,100,0.75,001,3119.0,3119.0,0.4,0.0000,,3119.0,3119,0.0000,0,1,UB,4.6,3119.0000,cutlag_triple,0,0,0,0,0,0.0,0.0,TIE
EB_n100_001_a25_001,EB,100,0.25,001,1609.0,1609.0,300.3,0.1241,,1609.0,1611,0.1241,0,3,TIERS_EXHAUSTED,297.8,1611.7121,cutlag_triple,12,21,0,300,0,0.0,0.0,TIE
EB_n100_001_a75_003,EB,100,0.75,001,3115.0,3115.0,0.4,0.0000,,3114.0,3115,0.0321,0,1,GAP<0.3%,107.6,3115.2982,cutlag_triple,6,1,0,100,0,-1.0,-1.0,GAP
EC_n050_001_a50_002,EC,50,0.5,001,1103.0,1103.0,0.8,0.0000,,1103.0,1104,0.0906,0,2,GAP<0.3%,182.3,1104.2177,cutlag_triple,9,15,1,200,0,0.0,0.0,TIE
D_n040_001_a25_001,D,40,0.25,001,715.0,715.0,0.1,0.0000,,715.0,715,0.0000,0,1,UB,0.4,715.0000,cutlag_triple,0,0,0,0,0,0.0,0.0,TIE
EC_n050_001_a25_001,EC,50,0.25,001,421.0,421.0,0.1,0.0000,,421.0,421,0.0000,0,1,UB,0.0,421.0000,cutlag_triple,0,0,0,0,0,0.0,0.0,TIE
ED_n040_001_a25_001,ED,40,0.25,001,412.0,412.0,0.0,0.0000,,412.0,411,-0.2433,0,1,UB,0.1,411.0000,cutlag_triple,0,0,0,0,0,0.0,0.0,TIE
C_n050_001_a50_002,C,50,0.5,001,1236.0,1236.0,0.1,0.0000,,1236.0,1236,0.0000,0,2,GAP<0.3%,182.9,1236.9162,cutlag_triple,7,11,1,200,0,0.0,0.0,TIE
C_n065_018_a25_052,C,65,0.25,018,1386.0,1386.0,0.1,0.0000,,1386.0,1387,0.0721,0,2,GAP<0.3%,187.1,1387.6673,cutlag_triple,12,22,1,200,0,0.0,0.0,TIE
