instance,family,n,alpha,phase,tier,obj,ub,gap_pct,seeds,phase_rt,cumul_rt,event
ED_n080_045_a75_135,ED,80,0.75,1,0,2922.0,2943,0.7135575942915392,1,109.9248774999287,109.92493689991534,OBJ+3 tier->0
ED_n080_045_a75_135,ED,80,0.75,2,0,2923.0,2943,0.6795786612300373,1,91.27697880007327,201.20196029986255,OBJ+1 tier->0
ED_n080_045_a75_135,ED,80,0.75,3,1,2923.0,2943,0.6795786612300373,1,92.4037895000074,293.60578569979407,STALL→tier0→1 d_max=17
ED_n080_045_a75_135,ED,80,0.75,4,2,2923.0,2943,0.6795786612300373,1,97.85998130007647,415.3812082000077,STALL→tier1→2 d_max=23
ED_n080_045_a75_135,ED,80,0.75,5,3,2923.0,2943,0.6795786612300373,1,118.29671370005235,564.1426454999018,TIERS_EXHAUSTED
EB_n150_030_a50_089,EB,150,0.5,1,0,4889.0,4944,1.1124595469255663,1,92.17822809983045,92.17826660000719,OBJ+3 tier->0
EB_n150_030_a50_089,EB,150,0.5,2,0,4897.0,4944,0.9506472491909385,1,91.69206549995579,183.87038340000436,OBJ+8 tier->0
EB_n150_030_a50_089,EB,150,0.5,3,0,4898.0,4944,0.9304207119741101,1,93.41199659998529,277.28242709999904,OBJ+1 tier->0
EB_n150_030_a50_089,EB,150,0.5,4,0,4900.0,4944,0.889967637540453,1,103.29357969993725,380.5760363000445,OBJ+2 tier->0
EB_n150_030_a50_089,EB,150,0.5,5,1,4900.0,4944,0.889967637540453,1,90.87168679991737,471.44776930008084,STALL→tier0→1 d_max=23
EB_n150_030_a50_089,EB,150,0.5,6,2,4900.0,4944,0.889967637540453,1,90.57330249994993,580.9762744000182,STALL→tier1→2 d_max=31
EB_n150_030_a50_089,EB,150,0.5,7,0,4907.0,4944,0.7483818770226537,1,91.55938480002806,678.2301914000418,OBJ+7 tier->0
EB_n150_030_a50_089,EB,150,0.5,8,0,4909.0,4944,0.7079288025889968,1,90.35519579984248,768.5854162999894,OBJ+2 tier->0
EB_n150_030_a50_089,EB,150,0.5,9,1,4909.0,4940,0.6275303643724697,1,90.52887829998508,859.114336800063,STALL→tier0→1 d_max=23
EB_n150_030_a50_089,EB,150,0.5,10,2,4909.0,4936,0.547001620745543,1,27.850432600127533,901.2052383001428,STALL→tier1→2 d_max=31
ED_n080_045_a25_133,ED,80,0.25,1,0,1569.0,1710,8.24561403508772,1,90.9697457998991,90.96979430015199,OBJ+212 tier->0
ED_n080_045_a25_133,ED,80,0.25,2,0,1670.0,1710,2.3391812865497075,1,90.42059019999579,181.39043080015108,OBJ+101 tier->0
ED_n080_045_a25_133,ED,80,0.25,3,1,1670.0,1710,2.3391812865497075,1,90.87873229989782,272.2692104000598,STALL→tier0→1 d_max=8
ED_n080_045_a25_133,ED,80,0.25,4,0,1678.0,1710,1.8713450292397662,1,90.3964405998122,389.6926281999331,OBJ+8 tier->0
ED_n080_045_a25_133,ED,80,0.25,5,0,1679.0,1710,1.8128654970760234,1,97.65003159991466,487.3426975000184,OBJ+1 tier->0
ED_n080_045_a25_133,ED,80,0.25,6,0,1680.0,1710,1.7543859649122806,1,90.04433519998565,577.3870790000074,OBJ+1 tier->0
ED_n080_045_a25_133,ED,80,0.25,7,1,1680.0,1707,1.5817223198594026,1,92.85595720005222,670.2430668999441,STALL→tier0→1 d_max=8
ED_n080_045_a25_133,ED,80,0.25,8,2,1680.0,1698,1.0600706713780919,1,103.72273269994184,802.6777522000484,STALL→tier1→2 d_max=11
ED_n080_045_a25_133,ED,80,0.25,9,3,1680.0,1694,0.8264462809917356,1,67.6903927999083,900.5791569999419,TIERS_EXHAUSTED
EC_n080_035_a50_104,EC,80,0.5,1,1,2665.0,2695,1.1131725417439702,1,90.27023100014776,90.27027120022103,STALL→tier0→1 d_max=13
EC_n080_035_a50_104,EC,80,0.5,2,2,2665.0,2694,1.0764662212323683,1,95.18850030004978,190.92679040017538,STALL→tier1→2 d_max=18
EC_n080_035_a50_104,EC,80,0.5,3,3,2665.0,2685,0.74487895716946,1,90.04687689989805,284.65402380004525,TIERS_EXHAUSTED
D_n080_045_a25_133,D,80,0.25,1,0,1811.0,1956,7.413087934560328,1,90.87828060006723,90.87831170018762,OBJ+11 tier->0
D_n080_045_a25_133,D,80,0.25,2,0,1883.0,1956,3.7321063394683023,1,91.8386759001296,182.71702209999785,OBJ+72 tier->0
D_n080_045_a25_133,D,80,0.25,3,1,1883.0,1956,3.7321063394683023,1,100.43383700004779,283.15090910019353,STALL→tier0→1 d_max=9
D_n080_045_a25_133,D,80,0.25,4,2,1883.0,1956,3.7321063394683023,1,100.62058099987917,413.8239531000145,STALL→tier1→2 d_max=12
D_n080_045_a25_133,D,80,0.25,5,3,1883.0,1944,3.137860082304527,1,93.9039767999202,535.5255057001486,TIERS_EXHAUSTED
EB_n130_016_a25_046,EB,130,0.25,1,0,2237.0,2268,1.3668430335097002,1,90.01907859998755,90.0191145001445,OBJ+12 tier->0
EB_n130_016_a25_046,EB,130,0.25,2,1,2237.0,2268,1.3668430335097002,1,90.78921280009672,180.8083719999995,STALL→tier0→1 d_max=10
EB_n130_016_a25_046,EB,130,0.25,3,2,2237.0,2268,1.3668430335097002,1,93.15475800004788,303.3399442001246,STALL→tier1→2 d_max=13
EB_n130_016_a25_046,EB,130,0.25,4,3,2237.0,2265,1.2362030905077264,1,90.65023939986713,424.20129520003684,TIERS_EXHAUSTED
EC_n065_018_a50_053,EC,65,0.5,1,0,1882.0,1894,0.6335797254487857,1,93.88692590012215,93.88696229993366,OBJ+20 tier->0
EC_n065_018_a50_053,EC,65,0.5,2,0,1883.0,1894,0.5807814149947201,1,91.39645290002227,185.28343930002302,OBJ+1 tier->0
EC_n065_018_a50_053,EC,65,0.5,3,1,1883.0,1894,0.5807814149947201,1,90.25043240003288,275.53390459995717,STALL→tier0→1 d_max=11
EC_n065_018_a50_053,EC,65,0.5,4,2,1883.0,1894,0.5807814149947201,1,91.41511120018549,370.31476420001127,STALL→tier1→2 d_max=15
EC_n065_018_a50_053,EC,65,0.5,5,3,1883.0,1889,0.31762837480148226,1,90.06529980013147,462.03420610004105,TIERS_EXHAUSTED
B_n130_016_a25_046,B,130,0.25,1,1,2744.0,2820,2.6950354609929077,1,90.50470679998398,90.50472710002214,STALL→tier0→1 d_max=13
B_n130_016_a25_046,B,130,0.25,2,2,2744.0,2820,2.6950354609929077,1,90.27652219985612,210.92293520015664,STALL→tier1→2 d_max=17
B_n130_016_a25_046,B,130,0.25,3,3,2744.0,2820,2.6950354609929077,1,90.2309369998984,332.14613290014677,TIERS_EXHAUSTED
D_n080_045_a50_134,D,80,0.5,1,0,2739.0,2803,2.2832679272208347,1,138.5624224001076,138.56244469992816,OBJ+12 tier->0
D_n080_045_a50_134,D,80,0.5,2,0,2740.0,2803,2.2475918658580096,1,106.03144450020045,244.59392170002684,OBJ+1 tier->0
D_n080_045_a50_134,D,80,0.5,3,1,2740.0,2803,2.2475918658580096,1,113.31927730003372,357.9132522,STALL→tier0→1 d_max=14
D_n080_045_a50_134,D,80,0.5,4,2,2740.0,2803,2.2475918658580096,1,98.2210188000463,476.38130089989863,STALL→tier1→2 d_max=19
D_n080_045_a50_134,D,80,0.5,5,3,2740.0,2791,1.8273020422787531,1,91.57932589994743,598.376730900025,TIERS_EXHAUSTED
EB_n100_001_a50_002,EB,100,0.5,1,0,2821.0,2862,1.43256464011181,1,90.16466619982384,90.1647141999565,OBJ+1 tier->0
EB_n100_001_a50_002,EB,100,0.5,2,0,2822.0,2862,1.397624039133473,1,90.70341089996509,180.86814969987608,OBJ+1 tier->0
EB_n100_001_a50_002,EB,100,0.5,3,1,2822.0,2862,1.397624039133473,1,94.82994620013051,275.69814569992013,STALL→tier0→1 d_max=17
EB_n100_001_a50_002,EB,100,0.5,4,2,2822.0,2862,1.397624039133473,1,90.22910090000369,373.5160689998884,STALL→tier1→2 d_max=22
EB_n100_001_a50_002,EB,100,0.5,5,3,2822.0,2845,0.8084358523725835,1,92.15130869997665,473.07050979998894,TIERS_EXHAUSTED
EC_n080_035_a75_105,EC,80,0.75,1,0,2921.0,2932,0.3751705320600273,1,94.42824869998731,94.42828630004078,OBJ+2 tier->0
EC_n080_035_a75_105,EC,80,0.75,2,1,2921.0,2932,0.3751705320600273,1,90.57368850009516,185.00201019993983,STALL→tier0→1 d_max=17
EC_n080_035_a75_105,EC,80,0.75,3,2,2921.0,2932,0.3751705320600273,1,90.28835449996404,278.08692359994166,STALL→tier1→2 d_max=22
EC_n080_035_a75_105,EC,80,0.75,4,3,2921.0,2932,0.3751705320600273,1,94.08958259993233,375.59509940003045,TIERS_EXHAUSTED
D_n060_023_a50_068,D,60,0.5,1,0,1750.0,1786,2.015677491601344,1,90.51066830009222,90.51068540010601,OBJ+2 tier->0
D_n060_023_a50_068,D,60,0.5,2,1,1750.0,1786,2.015677491601344,1,96.36823430005461,186.87895569996908,STALL→tier0→1 d_max=10
D_n060_023_a50_068,D,60,0.5,3,2,1750.0,1781,1.7405951712521055,1,95.79135409998707,285.63794889999554,STALL→tier1→2 d_max=13
D_n060_023_a50_068,D,60,0.5,4,0,1758.0,1781,1.291409320606401,1,92.24068719986826,381.7344766999595,OBJ+8 tier->0
D_n060_023_a50_068,D,60,0.5,5,0,1759.0,1781,1.235261089275688,1,90.20828639995307,471.94279929995537,OBJ+1 tier->0
D_n060_023_a50_068,D,60,0.5,6,1,1759.0,1771,0.6775832862789385,1,98.55971850012429,570.5025700998958,STALL→tier0→1 d_max=10
D_n060_023_a50_068,D,60,0.5,7,2,1759.0,1771,0.6775832862789385,1,96.66537120006979,671.6280229999684,STALL→tier1→2 d_max=13
D_n060_023_a50_068,D,60,0.5,8,3,1759.0,1771,0.6775832862789385,1,90.08853679988533,765.4754912001081,TIERS_EXHAUSTED
ED_n080_045_a50_134,ED,80,0.5,1,0,2655.0,2684,1.0804769001490313,1,111.43116490007378,111.43119530007243,OBJ+1 tier->0
ED_n080_045_a50_134,ED,80,0.5,2,0,2656.0,2684,1.0432190760059614,1,104.8621487999335,216.29338060016744,OBJ+1 tier->0
ED_n080_045_a50_134,ED,80,0.5,3,1,2656.0,2684,1.0432190760059614,1,110.51380260009319,326.80722860014066,STALL→tier0→1 d_max=13
ED_n080_045_a50_134,ED,80,0.5,4,0,2664.0,2684,0.7451564828614009,1,106.58156819990836,451.0071928000543,OBJ+8 tier->0
ED_n080_045_a50_134,ED,80,0.5,5,1,2664.0,2680,0.5970149253731344,1,95.12546040001325,546.1326944001485,STALL→tier0→1 d_max=13
ED_n080_045_a50_134,ED,80,0.5,6,2,2664.0,2675,0.411214953271028,1,100.40258340002038,673.8637159001082,STALL→tier1→2 d_max=18
ED_n080_045_a50_134,ED,80,0.5,7,3,2664.0,2675,0.411214953271028,1,141.8423846999649,841.0127073000185,TIERS_EXHAUSTED
C_n080_035_a50_104,C,80,0.5,1,1,2776.0,2807,1.10438190238689,1,96.73146520019509,96.73152499995194,STALL→tier0→1 d_max=14
C_n080_035_a50_104,C,80,0.5,2,2,2776.0,2807,1.10438190238689,1,90.5648729999084,193.1675124000758,STALL→tier1→2 d_max=19
C_n080_035_a50_104,C,80,0.5,3,3,2776.0,2796,0.7153075822603719,1,94.27854229998775,292.0813541000243,TIERS_EXHAUSTED
B_n130_016_a50_047,B,130,0.5,1,0,4145.0,4184,0.9321223709369025,1,96.46125510009006,96.46127830003388,OBJ+13 tier->0
B_n130_016_a50_047,B,130,0.5,2,0,4151.0,4184,0.788718929254302,1,90.0172672001645,186.47858390002511,OBJ+6 tier->0
B_n130_016_a50_047,B,130,0.5,3,0,4152.0,4184,0.7648183556405354,1,95.46099809999578,281.9396108998917,OBJ+1 tier->0
B_n130_016_a50_047,B,130,0.5,4,0,4154.0,4184,0.7170172084130019,1,92.94413469987921,374.8837707999628,OBJ+2 tier->0
B_n130_016_a50_047,B,130,0.5,5,0,4155.0,4184,0.6931166347992351,1,96.71022789995186,471.5940513999667,OBJ+1 tier->0
B_n130_016_a50_047,B,130,0.5,6,0,4156.0,4184,0.6692160611854685,1,90.12331729987636,561.7174342998769,OBJ+1 tier->0
B_n130_016_a50_047,B,130,0.5,7,1,4156.0,4184,0.6692160611854685,1,90.74199979985133,652.4594812998548,STALL→tier0→1 d_max=24
B_n130_016_a50_047,B,130,0.5,8,2,4156.0,4184,0.6692160611854685,1,100.26164890010841,783.0738530999515,STALL→tier1→2 d_max=32
B_n130_016_a50_047,B,130,0.5,9,3,4156.0,4184,0.6692160611854685,1,87.93711910001002,901.1937901999336,TIERS_EXHAUSTED
B_n150_030_a50_089,B,150,0.5,1,0,4936.0,4995,1.1811811811811812,1,93.64755700016394,93.64757779985666,OBJ+24 tier->0
B_n150_030_a50_089,B,150,0.5,2,0,4945.0,4995,1.001001001001001,1,96.54219419998117,190.18982609990053,OBJ+9 tier->0
B_n150_030_a50_089,B,150,0.5,3,0,4955.0,4995,0.8008008008008007,1,90.04544649994932,280.23535829992034,OBJ+10 tier->0
B_n150_030_a50_089,B,150,0.5,4,0,4964.0,4995,0.6206206206206206,1,91.1615279999096,371.39693479985,OBJ+9 tier->0
B_n150_030_a50_089,B,150,0.5,5,1,4964.0,4995,0.6206206206206206,1,93.29462420009077,464.6916252998635,STALL→tier0→1 d_max=26
B_n150_030_a50_089,B,150,0.5,6,2,4964.0,4992,0.5608974358974359,1,94.12707509985194,572.7501507999841,STALL→tier1→2 d_max=34
B_n150_030_a50_089,B,150,0.5,7,3,4964.0,4985,0.42126379137412234,1,90.79817429999821,685.7209336999804,TIERS_EXHAUSTED
ED_n060_023_a50_068,ED,60,0.5,1,0,1726.0,1739,0.7475560667050029,1,90.63940240000375,90.63944169995375,OBJ+1 tier->0
ED_n060_023_a50_068,ED,60,0.5,2,1,1726.0,1739,0.7475560667050029,1,91.12841350003146,181.7679454998579,STALL→tier0→1 d_max=8
ED_n060_023_a50_068,ED,60,0.5,3,0,1727.0,1739,0.690051753881541,1,93.7398794000037,278.42405329993926,OBJ+1 tier->0
ED_n060_023_a50_068,ED,60,0.5,4,1,1727.0,1739,0.690051753881541,1,90.86399570014328,369.2881024000235,STALL→tier0→1 d_max=8
ED_n060_023_a50_068,ED,60,0.5,5,2,1727.0,1739,0.690051753881541,1,98.03872449998744,472.0478146998212,STALL→tier1→2 d_max=11
ED_n060_023_a50_068,ED,60,0.5,6,3,1727.0,1738,0.6329113924050633,1,96.35192430019379,572.021316899918,TIERS_EXHAUSTED
C_n065_018_a50_053,C,65,0.5,1,0,1903.0,1928,1.2966804979253113,1,90.41319019999355,90.41325240000151,OBJ+3 tier->0
C_n065_018_a50_053,C,65,0.5,2,1,1903.0,1928,1.2966804979253113,1,90.0210174000822,180.4343537001405,STALL→tier0→1 d_max=12
C_n065_018_a50_053,C,65,0.5,3,2,1903.0,1927,1.2454592631032693,1,90.26777180004865,273.36555770016275,STALL→tier1→2 d_max=16
C_n065_018_a50_053,C,65,0.5,4,0,1905.0,1927,1.1416709911779968,1,90.3619711000938,366.9359992002137,OBJ+2 tier->0
C_n065_018_a50_053,C,65,0.5,5,1,1905.0,1914,0.4702194357366771,1,90.47704100003466,457.4131019001361,STALL→tier0→1 d_max=12
C_n065_018_a50_053,C,65,0.5,6,2,1905.0,1909,0.20953378732320588,1,90.08379100007005,551.115465400042,STALL→tier1→2 d_max=17
C_n065_018_a50_053,C,65,0.5,7,2,1905.0,1906,0.05246589716684155,1,90.35985239990987,645.3204668001272,UB_TIGHT→GAP<0.3%
ED_n040_001_a50_002,ED,40,0.5,1,0,948.0,948,0.0,1,10.995771700050682,10.995821499964222,UB_STOP
D_n060_023_a25_067,D,60,0.25,1,0,1263.0,1278,1.1737089201877933,1,90.38409379986115,90.38414710015059,OBJ+10 tier->0
D_n060_023_a25_067,D,60,0.25,2,1,1263.0,1278,1.1737089201877933,1,90.0980191999115,180.48222800018266,STALL→tier0→1 d_max=5
D_n060_023_a25_067,D,60,0.25,3,2,1263.0,1278,1.1737089201877933,1,90.84853980015032,274.42050830018707,STALL→tier1→2 d_max=7
D_n060_023_a25_067,D,60,0.25,4,3,1263.0,1269,0.4728132387706856,1,90.21533620008267,367.7392750000581,TIERS_EXHAUSTED
B_n150_030_a25_088,B,150,0.25,1,0,3120.0,3561,12.384161752316764,1,90.50302530010231,90.5030662000645,OBJ+40 tier->0
B_n150_030_a25_088,B,150,0.25,2,0,3135.0,3561,11.962931760741364,1,90.46674129995517,180.96987199992873,OBJ+15 tier->0
B_n150_030_a25_088,B,150,0.25,3,0,3311.0,3561,7.020499859590003,1,92.63634339999408,273.60626389994286,OBJ+176 tier->0
B_n150_030_a25_088,B,150,0.25,4,1,3311.0,3561,7.020499859590003,1,90.04792999988422,363.6542545000557,STALL→tier0→1 d_max=15
B_n150_030_a25_088,B,150,0.25,5,0,3312.0,3561,6.992417860151642,1,90.26709239999764,474.3316228000913,OBJ+1 tier->0
B_n150_030_a25_088,B,150,0.25,6,1,3312.0,3561,6.992417860151642,1,90.84326090011746,565.1749464001041,STALL→tier0→1 d_max=15
B_n150_030_a25_088,B,150,0.25,7,2,3312.0,3561,6.992417860151642,1,92.9261345998384,674.0582002999727,STALL→tier1→2 d_max=21
B_n150_030_a25_088,B,150,0.25,8,3,3312.0,3561,6.992417860151642,1,90.23598079988733,781.4576930000912,TIERS_EXHAUSTED
EC_n065_018_a25_052,EC,65,0.25,1,0,1183.0,1186,0.25295109612141653,1,91.028163400013,91.02820620010607,OBJ+19 tier->0
EC_n065_018_a25_052,EC,65,0.25,2,1,1183.0,1186,0.25295109612141653,1,90.01528880000114,181.04355080006644,STALL→tier0→1 d_max=5
EC_n065_018_a25_052,EC,65,0.25,3,2,1183.0,1186,0.25295109612141653,1,90.05330500006676,274.48349080001935,STALL→tier1→2 d_max=7
EC_n065_018_a25_052,EC,65,0.25,4,2,1183.0,1184,0.08445945945945946,1,90.72479090001434,367.42535010003485,UB_TIGHT→GAP<0.3%
B_n130_016_a75_048,B,130,0.75,1,1,4329.0,4334,0.11536686663590216,1,95.2321369999554,95.23218910000287,STALL→tier0→1 d_max=29
B_n130_016_a75_048,B,130,0.75,2,0,4330.0,4334,0.09229349330872173,1,90.37954550003633,215.9469562000595,OBJ+1 tier->0
D_n080_045_a75_135,D,80,0.75,1,1,2931.0,2953,0.7450050795800881,1,93.60942319990136,93.60948270000517,STALL→tier0→1 d_max=17
D_n080_045_a75_135,D,80,0.75,2,2,2931.0,2953,0.7450050795800881,1,94.05425389995798,217.8811343999114,STALL→tier1→2 d_max=23
D_n080_045_a75_135,D,80,0.75,3,3,2931.0,2953,0.7450050795800881,1,90.29499970003963,338.36934589990415,TIERS_EXHAUSTED
EB_n130_016_a50_047,EB,130,0.5,1,0,4094.0,4096,0.048828125,1,90.49540719995275,90.49545290018432,OBJ+15 tier->0
D_n060_023_a75_069,D,60,0.75,1,0,2002.0,2016,0.6944444444444444,1,90.19871989986859,90.1987642000895,OBJ+1 tier->0
D_n060_023_a75_069,D,60,0.75,2,0,2003.0,2016,0.6448412698412698,1,93.42454229993746,183.6233670001384,OBJ+1 tier->0
D_n060_023_a75_069,D,60,0.75,3,1,2003.0,2016,0.6448412698412698,1,95.81116069993004,279.4345841000322,STALL→tier0→1 d_max=12
D_n060_023_a75_069,D,60,0.75,4,0,2004.0,2016,0.5952380952380952,1,91.0870623998344,373.8873614000622,OBJ+1 tier->0
D_n060_023_a75_069,D,60,0.75,5,1,2004.0,2016,0.5952380952380952,1,108.18438200000674,482.0717931999825,STALL→tier0→1 d_max=12
D_n060_023_a75_069,D,60,0.75,6,0,2014.0,2016,0.0992063492063492,1,108.209382600151,595.6015574000776,OBJ+10 tier->0
EB_n130_016_a75_048,EB,130,0.75,1,0,4328.0,4332,0.09233610341643582,1,92.26755650015548,92.26761239999905,OBJ+4 tier->0
EB_n150_030_a75_090,EB,150,0.75,1,0,5275.0,5281,0.11361484567316796,1,90.21689249994233,90.21694110007957,OBJ+20 tier->0
EB_n150_030_a75_090,EB,150,0.75,2,1,5275.0,5281,0.11361484567316796,1,95.21704949997365,185.43404740002006,STALL→tier0→1 d_max=31
EB_n150_030_a75_090,EB,150,0.75,3,0,5277.0,5281,0.07574323044877863,1,91.33794540003873,304.3100366999861,OBJ+2 tier->0
C_n080_035_a75_105,C,80,0.75,1,1,2931.0,2934,0.10224948875255625,1,94.2862658998929,94.28630780009553,STALL→tier0→1 d_max=17
C_n080_035_a75_105,C,80,0.75,2,0,2932.0,2934,0.0681663258350375,1,91.07541809999384,191.3245838000439,OBJ+1 tier->0
B_n100_001_a50_002,B,100,0.5,1,0,3025.0,3026,0.033046926635822864,1,90.24871740001254,90.24876370001584,OBJ+2 tier->0
B_n150_030_a75_090,B,150,0.75,1,0,5266.0,5282,0.3029155622870125,1,99.04091969993897,99.04096379992552,OBJ+2 tier->0
B_n150_030_a75_090,B,150,0.75,2,1,5266.0,5282,0.3029155622870125,1,96.0616743999999,195.10269869980402,STALL→tier0→1 d_max=31
B_n150_030_a75_090,B,150,0.75,3,0,5267.0,5282,0.28398333964407424,1,101.02121270005591,321.52651669993065,OBJ+1 tier->0
B_n150_030_a75_090,B,150,0.75,4,1,5267.0,5282,0.28398333964407424,1,99.53710180008784,421.0636701998301,STALL→tier0→1 d_max=32
B_n150_030_a75_090,B,150,0.75,5,0,5279.0,5282,0.05679666792881485,1,101.63613870018162,548.1857155999169,OBJ+12 tier->0
C_n050_001_a75_003,C,50,0.75,1,0,1444.0,1445,0.06920415224913494,1,90.34641649993137,90.34646270005032,OBJ+1 tier->0
B_n100_001_a25_001,B,100,0.25,1,0,2141.0,2144,0.13992537313432835,1,90.13296420010738,90.1330067999661,OBJ+20 tier->0
B_n100_001_a25_001,B,100,0.25,2,0,2142.0,2144,0.09328358208955223,1,93.0150377000682,183.1480979998596,OBJ+1 tier->0
D_n040_001_a50_002,D,40,0.5,1,0,970.0,970,0.0,1,3.2694141999818385,3.2694504999089986,UB_STOP
EC_n050_001_a75_003,EC,50,0.75,1,0,1444.0,1444,0.0,1,21.481742300093174,21.48178939986974,UB_STOP
C_n080_035_a25_103,C,80,0.25,1,0,1781.0,1902,6.361724500525763,1,90.57304590009153,90.57309389999136,OBJ+12 tier->0
C_n080_035_a25_103,C,80,0.25,2,1,1781.0,1902,6.361724500525763,1,90.13749049999751,180.71064740000293,STALL→tier0→1 d_max=8
C_n080_035_a25_103,C,80,0.25,3,2,1781.0,1902,6.361724500525763,1,90.10822369996458,275.4444532999769,STALL→tier1→2 d_max=11
C_n080_035_a25_103,C,80,0.25,4,0,1801.0,1902,5.310199789695059,1,90.31172749982215,371.4124924999196,OBJ+20 tier->0
C_n080_035_a25_103,C,80,0.25,5,1,1801.0,1902,5.310199789695059,1,90.29097129986621,461.70352149987593,STALL→tier0→1 d_max=9
C_n080_035_a25_103,C,80,0.25,6,2,1801.0,1902,5.310199789695059,1,90.26204329985194,556.6339957998134,STALL→tier1→2 d_max=12
C_n080_035_a25_103,C,80,0.25,7,3,1801.0,1902,5.310199789695059,1,91.00404509995133,650.6766671999358,TIERS_EXHAUSTED
EB_n150_030_a25_088,EB,150,0.25,1,0,2860.0,2983,4.123365739188737,1,90.85779869998805,90.85785859986208,OBJ+113 tier->0
EB_n150_030_a25_088,EB,150,0.25,2,0,2969.0,2983,0.4693261816962789,1,92.6023910001386,183.46031229989603,OBJ+109 tier->0
EB_n150_030_a25_088,EB,150,0.25,3,1,2969.0,2983,0.4693261816962789,1,90.11014140001498,273.57054669992067,STALL→tier0→1 d_max=13
EB_n150_030_a25_088,EB,150,0.25,4,2,2969.0,2983,0.4693261816962789,1,90.01620789989829,378.4024989998434,STALL→tier1→2 d_max=17
EB_n150_030_a25_088,EB,150,0.25,5,3,2969.0,2975,0.20168067226890757,1,93.27179979998618,485.4200591999106,TIERS_EXHAUSTED
ED_n060_023_a25_067,ED,60,0.25,1,0,1050.0,1050,0.0,1,8.233374200062826,8.233415300026536,UB_STOP
C_n050_001_a25_001,C,50,0.25,1,0,735.0,735,0.0,1,0.5390254000667483,0.539074799977243,UB_STOP
EC_n080_035_a25_103,EC,80,0.25,1,0,1585.0,1593,0.5021971123666039,1,90.16625289991498,90.16629429999739,OBJ+1 tier->0
EC_n080_035_a25_103,EC,80,0.25,2,1,1585.0,1593,0.5021971123666039,1,90.13861720007844,180.30495829996653,STALL→tier0→1 d_max=7
EC_n080_035_a25_103,EC,80,0.25,3,2,1585.0,1593,0.5021971123666039,1,90.39165629982017,273.63834779988974,STALL→tier1→2 d_max=9
EC_n080_035_a25_103,EC,80,0.25,4,3,1585.0,1592,0.4396984924623116,1,90.08303279988468,366.4749990000855,TIERS_EXHAUSTED
C_n065_018_a75_054,C,65,0.75,1,0,2146.0,2146,0.0,1,9.472778300056234,9.47282709996216,UB_STOP
EC_n065_018_a75_054,EC,65,0.75,1,0,2146.0,2146,0.0,1,3.2260016000363976,3.2260549999773502,UB_STOP
ED_n040_001_a75_003,ED,40,0.75,1,0,1201.0,1201,0.0,1,67.46123949997127,67.4613908000756,UB_STOP
D_n040_001_a75_003,D,40,0.75,1,0,1203.0,1202,0.0,0,0.0,0.0,UB_PROVEN_INIT
EB_n100_001_a25_001,EB,100,0.25,1,0,1609.0,1611,0.12414649286157665,1,91.26616950007156,91.26621679984964,OBJ+32 tier->0
EB_n100_001_a25_001,EB,100,0.25,2,1,1609.0,1611,0.12414649286157665,1,90.0586627998855,181.3249335999135,STALL→tier0→1 d_max=8
EB_n100_001_a25_001,EB,100,0.25,3,2,1609.0,1611,0.12414649286157665,1,90.1198982000351,276.57244689995423,STALL→tier1→2 d_max=11
EB_n100_001_a25_001,EB,100,0.25,4,2,1609.0,1610,0.062111801242236024,1,90.0321579000447,368.52545819990337,UB_TIGHT→GAP<0.3%
B_n100_001_a75_003,B,100,0.75,1,0,3118.0,3119,0.032061558191728116,1,90.67002029996365,90.67004030011594,OBJ+4 tier->0
ED_n060_023_a75_069,ED,60,0.75,1,0,1992.0,2002,0.4995004995004995,1,95.8128321999684,95.81287789996713,OBJ+1 tier->0
ED_n060_023_a75_069,ED,60,0.75,2,1,1992.0,2002,0.4995004995004995,1,92.9471231000498,188.7600791999139,STALL→tier0→1 d_max=12
ED_n060_023_a75_069,ED,60,0.75,3,0,1993.0,2002,0.4495504495504496,1,91.49376169987954,282.8962860999163,OBJ+1 tier->0
ED_n060_023_a75_069,ED,60,0.75,4,0,2000.0,2002,0.0999000999000999,1,90.07494980003685,372.97126829996705,OBJ+7 tier->0
EB_n100_001_a75_003,EB,100,0.75,1,0,3114.0,3115,0.03210272873194221,1,90.0750053001102,90.07504000002518,OBJ+2 tier->0
EC_n050_001_a50_002,EC,50,0.5,1,0,1103.0,1107,0.36133694670280037,2,90.4624537001364,90.46247480018064,OBJ+10 tier->0
EC_n050_001_a50_002,EC,50,0.5,2,1,1103.0,1107,0.36133694670280037,2,90.15084850019775,180.61336290021427,STALL→tier0→1 d_max=5
EC_n050_001_a50_002,EC,50,0.5,3,2,1103.0,1107,0.36133694670280037,2,90.22279400005937,271.25233650021255,STALL→tier1→2 d_max=7
EC_n050_001_a50_002,EC,50,0.5,4,2,1103.0,1104,0.09057971014492754,2,90.00516559998505,361.6710137000773,UB_TIGHT→GAP<0.3%
D_n040_001_a25_001,D,40,0.25,1,0,715.0,715,0.0,0,0.0,0.0,UB_PROVEN_INIT
EC_n050_001_a25_001,EC,50,0.25,1,0,421.0,421,0.0,1,0.2846286999993026,0.2846554999705404,UB_STOP
ED_n040_001_a25_001,ED,40,0.25,1,0,412.0,411,0.0,0,0.0,0.0,UB_PROVEN_INIT
C_n050_001_a50_002,C,50,0.5,1,0,1236.0,1240,0.3225806451612903,2,90.26746630016714,90.26750690001063,OBJ+10 tier->0
C_n050_001_a50_002,C,50,0.5,2,1,1236.0,1240,0.3225806451612903,2,90.0172317000106,180.28477349993773,STALL→tier0→1 d_max=7
C_n050_001_a50_002,C,50,0.5,3,2,1236.0,1240,0.3225806451612903,2,90.0274809000548,270.6420862998348,STALL→tier1→2 d_max=10
C_n050_001_a50_002,C,50,0.5,4,2,1236.0,1237,0.08084074373484236,2,90.03581509995274,360.9794966999907,UB_TIGHT→GAP<0.3%
C_n065_018_a25_052,C,65,0.25,1,0,1386.0,1390,0.28776978417266186,2,90.38463640003465,90.38466179999523,OBJ+19 tier->0
C_n065_018_a25_052,C,65,0.25,2,1,1386.0,1390,0.28776978417266186,2,90.02143540000543,180.40614089998417,STALL→tier0→1 d_max=6
C_n065_018_a25_052,C,65,0.25,3,2,1386.0,1390,0.28776978417266186,2,90.23996320017613,271.72355360002257,STALL→tier1→2 d_max=9
C_n065_018_a25_052,C,65,0.25,4,2,1386.0,1386,0.0,2,90.48011990007944,363.13011149992235,UB_TIGHT→GAP<0.3%
